,type,is_clustered,ready,pre_script_start,pre_script_end,submit,execute_start,execute_end,post_script_start,post_script_end,wms_delay,pre_script_delay,queue_delay,runtime,post_script_delay,stage_in_delay,stage_in_bytes,stage_out_delay,stage_out_bytes,kickstart_user,kickstart_site,kickstart_hostname,kickstart_transformations,kickstart_executables,kickstart_executables_argv,kickstart_executables_cpu_time,kickstart_status,kickstart_executables_exitcode
create_dir_1000-genome_0_condorpool,auxiliary,0,1658771417.0,,,1658771418.0,1658771423.0,1658771428.0,1658771428.0,1658771433.0,1.0,,5.0,5.0,5.0,,,,,poseidon,local,host-10-100-100-16.openstacklocal,pegasus::dirmanager,/home/poseidon/pegasus-5.1.0panorama/bin/pegasus-transfer,-n pegasus::dirmanager -N null -i - -R local  -L 1000-genome -T 2022-07-24T20:26:55+00:00 /home/poseidon/pegasus-5.1.0panorama/bin/../bin/pegasus-transfer,0.2,0,0
individuals_ID0000047,compute,0,1658771433.0,,,1658771438.0,1658771459.0,1658773990.0,1658773990.0,1658773995.0,5.0,,21.0,2531.0,5.0,182.0,2539481399.0,4.0,1489997.0,poseidon,condorpool,worker1-container-16-19,individuals,/var/lib/condor/execute/dir_108/pegasus.PwnoVy8yl/individuals,,2322.8,0,0
individuals_ID0000046,compute,0,1658771433.0,,,1658771438.0,1658771459.0,1658773980.0,1658773980.0,1658773985.0,5.0,,21.0,2521.0,5.0,135.0,2539481399.0,4.0,960276.0,poseidon,condorpool,worker2-container-4-7,individuals,/var/lib/condor/execute/dir_107/pegasus.uCMcXvYBv/individuals,,2357.8,0,0
individuals_ID0000045,compute,0,1658771433.0,,,1658771438.0,1658771459.0,1658774105.0,1658774105.0,1658774110.0,5.0,,21.0,2646.0,5.0,227.0,2539481399.0,5.0,1312864.0,poseidon,condorpool,worker2-container-28-31,individuals,/var/lib/condor/execute/dir_106/pegasus.Pb9RwzVm7/individuals,,2393.9,0,0
individuals_ID0000044,compute,0,1658771433.0,,,1658771438.0,1658771459.0,1658774151.0,1658774151.0,1658774156.0,5.0,,21.0,2692.0,5.0,197.0,2539481399.0,5.0,1029164.0,poseidon,condorpool,worker1-container-24-27,individuals,/var/lib/condor/execute/dir_106/pegasus.tu1aXHrfq/individuals,,2416.7,0,0
individuals_ID0000049,compute,0,1658771433.0,,,1658771438.0,1658771459.0,1658774110.0,1658774110.0,1658774115.0,5.0,,21.0,2651.0,5.0,165.0,2539481399.0,5.0,1438543.0,poseidon,condorpool,worker1-container-32-35,individuals,/var/lib/condor/execute/dir_107/pegasus.EotsMbood/individuals,,2293.1,0,0
individuals_ID0000048,compute,0,1658771433.0,,,1658771438.0,1658771459.0,1658773995.0,1658773995.0,1658774000.0,5.0,,21.0,2536.0,5.0,210.0,2539481399.0,5.0,1174902.0,poseidon,condorpool,worker2-container-12-15,individuals,/var/lib/condor/execute/dir_106/pegasus.9SGhO3HXS/individuals,,2297.6,0,0
individuals_ID0000032,compute,0,1658771433.0,,,1658771438.0,1658771459.0,1658774095.0,1658774095.0,1658774100.0,5.0,,21.0,2636.0,5.0,159.0,2539481399.0,5.0,1644635.0,poseidon,condorpool,worker1-container-28-31,individuals,/var/lib/condor/execute/dir_110/pegasus.RFm1BZWAf/individuals,,2304.1,0,0
individuals_ID0000031,compute,0,1658771433.0,,,1658771438.0,1658771459.0,1658774090.0,1658774090.0,1658774095.0,5.0,,21.0,2631.0,5.0,205.0,2539481399.0,4.0,1885837.0,poseidon,condorpool,worker1-container-20-23,individuals,/var/lib/condor/execute/dir_106/pegasus.wdLfN1AGs/individuals,,2297.8,0,0
individuals_ID0000030,compute,0,1658771433.0,,,1658771438.0,1658771460.0,1658774357.0,1658774357.0,1658774362.0,5.0,,22.0,2897.0,5.0,244.0,2539481399.0,5.0,2294308.0,poseidon,condorpool,worker1-container-36-39,individuals,/var/lib/condor/execute/dir_105/pegasus.XQwbVCFf3/individuals,,2353.4,0,0
individuals_ID0000036,compute,0,1658771433.0,,,1658771438.0,1658771459.0,1658774070.0,1658774070.0,1658774075.0,5.0,,21.0,2611.0,5.0,164.0,2539481399.0,5.0,844665.0,poseidon,condorpool,worker1-container-12-15,individuals,/var/lib/condor/execute/dir_105/pegasus.hSQInPgGw/individuals,,2421.0,0,0
sifting_ID0000104,compute,0,1658771433.0,,,1658771438.0,1658771459.0,1658771608.0,1658771608.0,1658771613.0,5.0,,21.0,149.0,5.0,105.0,1708159164.0,5.0,1055195.0,poseidon,condorpool,worker1-container-0-3,sifting,/var/lib/condor/execute/dir_105/pegasus.N79OEPiWZ/sifting,,4.7,0,0
individuals_ID0000035,compute,0,1658771433.0,,,1658771438.0,1658771459.0,1658773935.0,1658773935.0,1658773940.0,5.0,,21.0,2476.0,5.0,154.0,2539481399.0,5.0,2879768.0,poseidon,condorpool,worker2-container-32-35,individuals,/var/lib/condor/execute/dir_109/pegasus.oa2ZofMwh/individuals,,2302.0,0,0
individuals_ID0000033,compute,0,1658771433.0,,,1658771438.0,1658771459.0,1658773965.0,1658773965.0,1658773970.0,5.0,,21.0,2506.0,5.0,181.0,2539481399.0,4.0,1455665.0,poseidon,condorpool,worker2-container-0-3,individuals,/var/lib/condor/execute/dir_104/pegasus.bnpcfpe3y/individuals,,2300.4,0,0
individuals_ID0000039,compute,0,1658771433.0,,,1658771438.0,1658771459.0,1658773965.0,1658773965.0,1658773970.0,5.0,,21.0,2506.0,5.0,106.0,2539481399.0,5.0,1272734.0,poseidon,condorpool,worker2-container-8-11,individuals,/var/lib/condor/execute/dir_105/pegasus.sztfpMEZW/individuals,,2378.0,0,0
individuals_ID0000038,compute,0,1658771433.0,,,1658771438.0,1658771459.0,1658774115.0,1658774115.0,1658774120.0,5.0,,21.0,2656.0,5.0,222.0,2539481399.0,4.0,1986910.0,poseidon,condorpool,worker2-container-36-39,individuals,/var/lib/condor/execute/dir_105/pegasus.qeU8holGK/individuals,,2406.8,0,0
individuals_ID0000037,compute,0,1658771433.0,,,1658771438.0,1658771459.0,1658773920.0,1658773920.0,1658773925.0,5.0,,21.0,2461.0,5.0,147.0,2539481399.0,5.0,1533139.0,poseidon,condorpool,worker1-container-0-3,individuals,/var/lib/condor/execute/dir_103/pegasus.Ydj0Ga1l6/individuals,,2289.2,0,0
individuals_ID0000021,compute,0,1658771433.0,,,1658771438.0,1658771459.0,1658774005.0,1658774005.0,1658774010.0,5.0,,21.0,2546.0,5.0,201.0,2539481399.0,4.0,1385281.0,poseidon,condorpool,worker1-container-20-23,individuals,/var/lib/condor/execute/dir_105/pegasus.LDH385T1g/individuals,,2300.2,0,0
individuals_ID0000020,compute,0,1658771433.0,,,1658771438.0,1658771459.0,1658774070.0,1658774070.0,1658774075.0,5.0,,21.0,2611.0,5.0,206.0,2539481399.0,5.0,1521403.0,poseidon,condorpool,worker2-container-20-23,individuals,/var/lib/condor/execute/dir_105/pegasus.qpjOeGaFb/individuals,,2372.7,0,0
individuals_ID0000025,compute,0,1658771433.0,,,1658771438.0,1658771459.0,1658773955.0,1658773955.0,1658773960.0,5.0,,21.0,2496.0,5.0,160.0,2539481399.0,5.0,2145965.0,poseidon,condorpool,worker2-container-24-27,individuals,/var/lib/condor/execute/dir_104/pegasus.8OWqlSrsN/individuals,,2310.9,0,0
individuals_ID0000024,compute,0,1658771433.0,,,1658771438.0,1658771459.0,1658774015.0,1658774015.0,1658774020.0,5.0,,21.0,2556.0,5.0,213.0,2539481399.0,4.0,1418384.0,poseidon,condorpool,worker2-container-16-19,individuals,/var/lib/condor/execute/dir_104/pegasus.82Ed6tGir/individuals,,2312.4,0,0
individuals_ID0000023,compute,0,1658771433.0,,,1658771438.0,1658771459.0,1658774080.0,1658774080.0,1658774085.0,5.0,,21.0,2621.0,5.0,168.0,2539481399.0,4.0,1544086.0,poseidon,condorpool,worker1-container-16-19,individuals,/var/lib/condor/execute/dir_106/pegasus.y4DrJJ1or/individuals,,2430.3,0,0
individuals_ID0000022,compute,0,1658771433.0,,,1658771438.0,1658771459.0,1658774050.0,1658774050.0,1658774055.0,5.0,,21.0,2591.0,5.0,236.0,2539481399.0,4.0,1057307.0,poseidon,condorpool,worker2-container-4-7,individuals,/var/lib/condor/execute/dir_104/pegasus.w4mswyhlr/individuals,,2318.7,0,0
individuals_ID0000034,compute,0,1658771433.0,,,1658771438.0,1658771459.0,1658774055.0,1658774055.0,1658774060.0,5.0,,21.0,2596.0,5.0,163.0,2539481399.0,4.0,1553182.0,poseidon,condorpool,worker1-container-4-7,individuals,/var/lib/condor/execute/dir_107/pegasus.d8cU2Sq2Y/individuals,,2415.2,0,0
individuals_ID0000029,compute,0,1658771433.0,,,1658771438.0,1658771459.0,1658773990.0,1658773990.0,1658773995.0,5.0,,21.0,2531.0,5.0,170.0,2539481399.0,5.0,1919176.0,poseidon,condorpool,worker2-container-28-31,individuals,/var/lib/condor/execute/dir_104/pegasus.J3prDBOUU/individuals,,2337.6,0,0
individuals_ID0000040,compute,0,1658771433.0,,,1658771438.0,1658771459.0,1658774000.0,1658774000.0,1658774005.0,5.0,,21.0,2541.0,5.0,159.0,2539481399.0,5.0,1024001.0,poseidon,condorpool,worker2-container-16-19,individuals,/var/lib/condor/execute/dir_106/pegasus.cVF82pcgu/individuals,,2358.8,0,0
individuals_ID0000042,compute,0,1658771433.0,,,1658771438.0,1658771459.0,1658774025.0,1658774025.0,1658774030.0,5.0,,21.0,2566.0,5.0,165.0,2539481399.0,5.0,1083134.0,poseidon,condorpool,worker2-container-24-27,individuals,/var/lib/condor/execute/dir_106/pegasus.00xyVvr4a/individuals,,2375.6,0,0
individuals_ID0000061,compute,0,1658771433.0,,,1658771443.0,1658774038.0,1658776063.0,1658776063.0,1658776068.0,10.0,,2595.0,2025.0,5.0,29.0,2539402330.0,5.0,2622856.0,poseidon,condorpool,worker2-container-8-11,individuals,/var/lib/condor/execute/dir_2392/pegasus.e1suPebxk/individuals,,1974.6,0,0
individuals_ID0000060,compute,0,1658771433.0,,,1658771443.0,1658773978.0,1658776003.0,1658776003.0,1658776008.0,10.0,,2535.0,2025.0,5.0,54.0,2539402330.0,5.0,3936506.0,poseidon,condorpool,worker2-container-0-3,individuals,/var/lib/condor/execute/dir_2171/pegasus.EJpNsFUZK/individuals,,1946.7,0,0
individuals_ID0000065,compute,0,1658771433.0,,,1658771438.0,1658773978.0,1658775998.0,1658775998.0,1658776003.0,5.0,,2540.0,2020.0,5.0,53.0,2539402330.0,5.0,1642013.0,poseidon,condorpool,worker2-container-0-3,individuals,/var/lib/condor/execute/dir_2170/pegasus.3VsyLJifN/individuals,,1945.6,0,0
individuals_ID0000064,compute,0,1658771433.0,,,1658771438.0,1658773978.0,1658775983.0,1658775983.0,1658775988.0,5.0,,2540.0,2005.0,5.0,29.0,2539402330.0,5.0,1899628.0,poseidon,condorpool,worker2-container-24-27,individuals,/var/lib/condor/execute/dir_1882/pegasus.Tk2EgBEHJ/individuals,,1954.4,0,0
individuals_ID0000063,compute,0,1658771433.0,,,1658771438.0,1658773978.0,1658775973.0,1658775973.0,1658775978.0,5.0,,2540.0,1995.0,5.0,30.0,2539402330.0,5.0,2938487.0,poseidon,condorpool,worker2-container-16-19,individuals,/var/lib/condor/execute/dir_1886/pegasus.4fJzTQrmJ/individuals,,1948.0,0,0
individuals_ID0000062,compute,0,1658771433.0,,,1658771438.0,1658773978.0,1658775958.0,1658775958.0,1658775963.0,5.0,,2540.0,1980.0,5.0,30.0,2539402330.0,4.0,2082841.0,poseidon,condorpool,worker2-container-4-7,individuals,/var/lib/condor/execute/dir_2130/pegasus.UEM29uKdf/individuals,,1932.5,0,0
individuals_ID0000102,compute,0,1658771433.0,,,1658771438.0,1658773978.0,1658775963.0,1658775963.0,1658775968.0,5.0,,2540.0,1985.0,5.0,29.0,2539402330.0,4.0,1460305.0,poseidon,condorpool,worker2-container-12-15,individuals,/var/lib/condor/execute/dir_2130/pegasus.ZpzsyorWN/individuals,,1931.9,0,0
individuals_ID0000069,compute,0,1658771433.0,,,1658771438.0,1658773978.0,1658775883.0,1658775883.0,1658775888.0,5.0,,2540.0,1905.0,5.0,29.0,2539402330.0,4.0,1595943.0,poseidon,condorpool,worker1-container-8-11,individuals,/var/lib/condor/execute/dir_2125/pegasus.s8o9KoJgQ/individuals,,1853.0,0,0
individuals_ID0000101,compute,0,1658771433.0,,,1658771438.0,1658773978.0,1658775978.0,1658775978.0,1658775983.0,5.0,,2540.0,2000.0,5.0,29.0,2539402330.0,4.0,1583186.0,poseidon,condorpool,worker2-container-32-35,individuals,/var/lib/condor/execute/dir_1918/pegasus.IAsNLameU/individuals,,1949.9,0,0
individuals_ID0000068,compute,0,1658771433.0,,,1658771438.0,1658773978.0,1658775978.0,1658775978.0,1658775983.0,5.0,,2540.0,2000.0,5.0,30.0,2539402330.0,4.0,931902.0,poseidon,condorpool,worker2-container-8-11,individuals,/var/lib/condor/execute/dir_2128/pegasus.q6YJYpSsN/individuals,,1953.5,0,0
individuals_ID0000041,compute,0,1658771433.0,,,1658771438.0,1658771459.0,1658773985.0,1658773985.0,1658773990.0,5.0,,21.0,2526.0,5.0,193.0,2539481399.0,5.0,1374725.0,poseidon,condorpool,worker2-container-20-23,individuals,/var/lib/condor/execute/dir_107/pegasus.6oLtI4pdE/individuals,,2307.9,0,0
individuals_ID0000100,compute,0,1658771433.0,,,1658771438.0,1658773918.0,1658775903.0,1658775903.0,1658775908.0,5.0,,2480.0,1985.0,5.0,46.0,2539402330.0,5.0,1855331.0,poseidon,condorpool,worker1-container-24-27,individuals,/var/lib/condor/execute/dir_1914/pegasus.OSGvyGB3x/individuals,,1918.7,0,0
individuals_ID0000066,compute,0,1658771433.0,,,1658771438.0,1658773918.0,1658775898.0,1658775898.0,1658775903.0,5.0,,2480.0,1980.0,5.0,29.0,2539402330.0,4.0,894795.0,poseidon,condorpool,worker1-container-16-19,individuals,/var/lib/condor/execute/dir_1861/pegasus.LQPmgooWQ/individuals,,1927.7,0,0
individuals_ID0000050,compute,0,1658771433.0,,,1658771438.0,1658773918.0,1658775903.0,1658775903.0,1658775908.0,5.0,,2480.0,1985.0,5.0,30.0,2539481399.0,5.0,1804159.0,poseidon,condorpool,worker2-container-4-7,individuals,/var/lib/condor/execute/dir_1864/pegasus.QUB9vrC9t/individuals,,1932.8,0,0
individuals_ID0000054,compute,0,1658771433.0,,,1658771438.0,1658773918.0,1658775913.0,1658775913.0,1658775918.0,5.0,,2480.0,1995.0,5.0,30.0,2539402330.0,5.0,1204494.0,poseidon,condorpool,worker2-container-28-31,individuals,/var/lib/condor/execute/dir_1864/pegasus.ognvRZI3E/individuals,,1945.3,0,0
individuals_ID0000053,compute,0,1658771433.0,,,1658771438.0,1658773918.0,1658775813.0,1658775813.0,1658775818.0,5.0,,2480.0,1895.0,5.0,43.0,2539402330.0,5.0,880570.0,poseidon,condorpool,worker1-container-24-27,individuals,/var/lib/condor/execute/dir_1913/pegasus.GX87IYdqN/individuals,,1830.9,0,0
individuals_ID0000058,compute,0,1658771433.0,,,1658771438.0,1658773918.0,1658775908.0,1658775908.0,1658775913.0,5.0,,2480.0,1990.0,5.0,30.0,2539402330.0,5.0,2853274.0,poseidon,condorpool,worker2-container-12-15,individuals,/var/lib/condor/execute/dir_1865/pegasus.ZMlLh0K8Q/individuals,,1939.1,0,0
individuals_ID0000057,compute,0,1658771433.0,,,1658771438.0,1658773918.0,1658775903.0,1658775903.0,1658775908.0,5.0,,2480.0,1985.0,5.0,29.0,2539402330.0,4.0,2428552.0,poseidon,condorpool,worker2-container-0-3,individuals,/var/lib/condor/execute/dir_1864/pegasus.FsNUG7KNl/individuals,,1933.4,0,0
individuals_ID0000056,compute,0,1658771433.0,,,1658771438.0,1658773918.0,1658775988.0,1658775988.0,1658775993.0,5.0,,2480.0,2070.0,5.0,30.0,2539402330.0,5.0,1942742.0,poseidon,condorpool,worker2-container-8-11,individuals,/var/lib/condor/execute/dir_1864/pegasus.SXQhW5itn/individuals,,2020.1,0,0
individuals_ID0000055,compute,0,1658771433.0,,,1658771438.0,1658773918.0,1658775848.0,1658775848.0,1658775853.0,5.0,,2480.0,1930.0,5.0,30.0,2539402330.0,4.0,1056375.0,poseidon,condorpool,worker1-container-0-3,individuals,/var/lib/condor/execute/dir_2115/pegasus.AJgeREdrv/individuals,,1879.5,0,0
individuals_ID0000059,compute,0,1658771433.0,,,1658771438.0,1658771604.0,1658774437.0,1658774437.0,1658774442.0,5.0,,166.0,2833.0,5.0,95.0,2539402330.0,4.0,2095607.0,poseidon,condorpool,worker1-container-0-3,individuals,/var/lib/condor/execute/dir_913/pegasus.wxGL2m1J8/individuals,,2331.7,0,0
individuals_ID0000043,compute,0,1658771433.0,,,1658771438.0,1658771586.0,1658774120.0,1658774120.0,1658774125.0,5.0,,148.0,2534.0,5.0,132.0,2539481399.0,5.0,1197716.0,poseidon,condorpool,worker1-container-8-11,individuals,/var/lib/condor/execute/dir_889/pegasus.CNk81LA0j/individuals,,2376.1,0,0
individuals_ID0000067,compute,0,1658771433.0,,,1658771438.0,1658773918.0,1658775938.0,1658775938.0,1658775943.0,5.0,,2480.0,2020.0,5.0,30.0,2539402330.0,4.0,741961.0,poseidon,condorpool,worker2-container-20-23,individuals,/var/lib/condor/execute/dir_1861/pegasus.D9ElMWlQv/individuals,,1972.9,0,0
individuals_ID0000028,compute,0,1658771433.0,,,1658771438.0,1658771459.0,1658773905.0,1658773905.0,1658773910.0,5.0,,21.0,2446.0,5.0,94.0,2539481399.0,4.0,1930786.0,poseidon,condorpool,worker1-container-24-27,individuals,/var/lib/condor/execute/dir_104/pegasus.NjprW86eV/individuals,,2277.4,0,0
sifting_ID0000052,compute,0,1658771433.0,,,1658771438.0,1658771459.0,1658771588.0,1658771588.0,1658771593.0,5.0,,21.0,129.0,5.0,99.0,1580481751.0,5.0,1636846.0,poseidon,condorpool,worker1-container-8-11,sifting,/var/lib/condor/execute/dir_105/pegasus.xllZjCUJ6/sifting,,4.7,0,0
individuals_ID0000026,compute,0,1658771433.0,,,1658771438.0,1658771459.0,1658774352.0,1658774352.0,1658774357.0,5.0,,21.0,2893.0,5.0,187.0,2539481399.0,4.0,2819361.0,poseidon,condorpool,worker1-container-32-35,individuals,/var/lib/condor/execute/dir_105/pegasus.1YKYcKjC3/individuals,,2348.0,0,0
individuals_ID0000085,compute,0,1658771433.0,,,1658771438.0,1658771459.0,1658774025.0,1658774025.0,1658774030.0,5.0,,21.0,2566.0,5.0,171.0,2539402330.0,5.0,2501642.0,poseidon,condorpool,worker2-container-36-39,individuals,/var/lib/condor/execute/dir_101/pegasus.2DihAuloP/individuals,,2371.8,0,0
individuals_ID0000084,compute,0,1658771433.0,,,1658771438.0,1658771459.0,1658773885.0,1658773885.0,1658773890.0,5.0,,21.0,2426.0,5.0,107.0,2539402330.0,5.0,1345396.0,poseidon,condorpool,worker2-container-8-11,individuals,/var/lib/condor/execute/dir_101/pegasus.fBmmOUdo0/individuals,,2300.1,0,0
individuals_ID0000009,compute,0,1658771433.0,,,1658771438.0,1658771459.0,1658774432.0,1658774432.0,1658774437.0,5.0,,21.0,2973.0,5.0,147.0,2539481399.0,4.0,1376837.0,poseidon,condorpool,worker1-container-0-3,individuals,/var/lib/condor/execute/dir_102/pegasus.9MecNDZSe/individuals,,2327.4,0,0
individuals_ID0000008,compute,0,1658771433.0,,,1658771438.0,1658771458.0,1658773895.0,1658773895.0,1658773900.0,5.0,,20.0,2437.0,5.0,124.0,2539481399.0,5.0,1234484.0,poseidon,condorpool,worker2-container-20-23,individuals,/var/lib/condor/execute/dir_102/pegasus.WrrymiJfL/individuals,,2290.7,0,0
individuals_ID0000003,compute,0,1658771433.0,,,1658771438.0,1658771458.0,1658774130.0,1658774130.0,1658774136.0,5.0,,20.0,2672.0,6.0,136.0,2539481399.0,5.0,1236908.0,poseidon,condorpool,worker1-container-20-23,individuals,/var/lib/condor/execute/dir_102/pegasus.NYu9hyWsa/individuals,,2405.9,0,0
individuals_ID0000002,compute,0,1658771433.0,,,1658771438.0,1658771458.0,1658773995.0,1658773995.0,1658774000.0,5.0,,20.0,2537.0,5.0,199.0,2539481399.0,5.0,1261154.0,poseidon,condorpool,worker2-container-24-27,individuals,/var/lib/condor/execute/dir_101/pegasus.it19CisJg/individuals,,2307.6,0,0
individuals_ID0000089,compute,0,1658771433.0,,,1658771438.0,1658771458.0,1658774010.0,1658774010.0,1658774015.0,5.0,,20.0,2552.0,5.0,158.0,2539402330.0,4.0,1012811.0,poseidon,condorpool,worker2-container-16-19,individuals,/var/lib/condor/execute/dir_101/pegasus.bOtKYWtzL/individuals,,2366.9,0,0
individuals_ID0000001,compute,0,1658771433.0,,,1658771438.0,1658771458.0,1658773900.0,1658773900.0,1658773905.0,5.0,,20.0,2442.0,5.0,207.0,2539481399.0,5.0,1064443.0,poseidon,condorpool,worker1-container-16-19,individuals,/var/lib/condor/execute/dir_103/pegasus.7y3VCBfwp/individuals,,2205.0,0,0
individuals_ID0000088,compute,0,1658771433.0,,,1658771438.0,1658771458.0,1658774065.0,1658774065.0,1658774070.0,5.0,,20.0,2607.0,5.0,194.0,2539402330.0,4.0,1229338.0,poseidon,condorpool,worker2-container-4-7,individuals,/var/lib/condor/execute/dir_101/pegasus.jDDOpJQrE/individuals,,2387.6,0,0
individuals_ID0000007,compute,0,1658771433.0,,,1658771438.0,1658771458.0,1658773910.0,1658773910.0,1658773915.0,5.0,,20.0,2452.0,5.0,114.0,2539481399.0,5.0,1044531.0,poseidon,condorpool,worker2-container-28-31,individuals,/var/lib/condor/execute/dir_101/pegasus.21Gw9hDST/individuals,,2314.2,0,0
individuals_ID0000006,compute,0,1658771433.0,,,1658771438.0,1658771458.0,1658773920.0,1658773920.0,1658773925.0,5.0,,20.0,2462.0,5.0,143.0,2539481399.0,4.0,1323745.0,poseidon,condorpool,worker1-container-24-27,individuals,/var/lib/condor/execute/dir_101/pegasus.wHacQu3qT/individuals,,2295.0,0,0
individuals_ID0000005,compute,0,1658771433.0,,,1658771438.0,1658771458.0,1658774156.0,1658774156.0,1658774161.0,5.0,,20.0,2698.0,5.0,244.0,2539481399.0,4.0,1044135.0,poseidon,condorpool,worker1-container-32-35,individuals,/var/lib/condor/execute/dir_102/pegasus.2BDqiaOPk/individuals,,2424.9,0,0
individuals_ID0000004,compute,0,1658771433.0,,,1658771438.0,1658771458.0,1658773895.0,1658773895.0,1658773900.0,5.0,,20.0,2437.0,5.0,122.0,2539481399.0,5.0,1423148.0,poseidon,condorpool,worker2-container-12-15,individuals,/var/lib/condor/execute/dir_100/pegasus.Yr9RkaS8Q/individuals,,2293.5,0,0
individuals_ID0000072,compute,0,1658771433.0,,,1658771438.0,1658771458.0,1658774060.0,1658774060.0,1658774065.0,5.0,,20.0,2602.0,5.0,158.0,2539402330.0,4.0,1546757.0,poseidon,condorpool,worker1-container-28-31,individuals,/var/lib/condor/execute/dir_105/pegasus.whPpGcTtW/individuals,,2423.2,0,0
individuals_ID0000027,compute,0,1658771433.0,,,1658771438.0,1658771459.0,1658774065.0,1658774065.0,1658774070.0,5.0,,21.0,2606.0,5.0,211.0,2539481399.0,4.0,1705337.0,poseidon,condorpool,worker2-container-12-15,individuals,/var/lib/condor/execute/dir_103/pegasus.OIV3KS19A/individuals,,2359.0,0,0
individuals_ID0000070,compute,0,1658771433.0,,,1658771438.0,1658771458.0,1658774231.0,1658774231.0,1658774236.0,5.0,,20.0,2773.0,5.0,163.0,2539402330.0,4.0,1699945.0,poseidon,condorpool,worker1-container-36-39,individuals,/var/lib/condor/execute/dir_100/pegasus.kOjxTN9tl/individuals,,2335.6,0,0
individuals_ID0000076,compute,0,1658771433.0,,,1658771438.0,1658771458.0,1658774035.0,1658774035.0,1658774040.0,5.0,,20.0,2577.0,5.0,243.0,2539402330.0,5.0,1833133.0,poseidon,condorpool,worker1-container-12-15,individuals,/var/lib/condor/execute/dir_100/pegasus.HIYLRFMeI/individuals,,2300.1,0,0
individuals_ID0000075,compute,0,1658771433.0,,,1658771438.0,1658771458.0,1658773980.0,1658773980.0,1658773985.0,5.0,,20.0,2522.0,5.0,121.0,2539402330.0,5.0,1990515.0,poseidon,condorpool,worker2-container-32-35,individuals,/var/lib/condor/execute/dir_104/pegasus.OijjmpFkI/individuals,,2378.0,0,0
individuals_ID0000074,compute,0,1658771433.0,,,1658771438.0,1658771458.0,1658774487.0,1658774487.0,1658774492.0,5.0,,20.0,3029.0,5.0,212.0,2539402330.0,5.0,1291551.0,poseidon,condorpool,worker1-container-4-7,individuals,/var/lib/condor/execute/dir_102/pegasus.dB1zd4nW2/individuals,,2291.3,0,0
individuals_ID0000073,compute,0,1658771433.0,,,1658771438.0,1658771458.0,1658774100.0,1658774100.0,1658774105.0,5.0,,20.0,2642.0,5.0,222.0,2539402330.0,5.0,1792286.0,poseidon,condorpool,worker2-container-0-3,individuals,/var/lib/condor/execute/dir_99/pegasus.8Del4eG42/individuals,,2387.5,0,0
individuals_ID0000079,compute,0,1658771433.0,,,1658771438.0,1658771458.0,1658774020.0,1658774020.0,1658774025.0,5.0,,20.0,2562.0,5.0,166.0,2539402330.0,5.0,2078152.0,poseidon,condorpool,worker2-container-36-39,individuals,/var/lib/condor/execute/dir_100/pegasus.cEc8wxLkB/individuals,,2372.5,0,0
individuals_ID0000078,compute,0,1658771433.0,,,1658771438.0,1658771458.0,1658774030.0,1658774030.0,1658774035.0,5.0,,20.0,2572.0,5.0,239.0,2539402330.0,5.0,2199558.0,poseidon,condorpool,worker2-container-8-11,individuals,/var/lib/condor/execute/dir_100/pegasus.HOt9RUuRU/individuals,,2303.0,0,0
individuals_ID0000077,compute,0,1658771433.0,,,1658771438.0,1658771458.0,1658774657.0,1658774657.0,1658774662.0,5.0,,20.0,3199.0,5.0,110.0,2539402330.0,4.0,1645827.0,poseidon,condorpool,worker1-container-0-3,individuals,/var/lib/condor/execute/dir_100/pegasus.JFJHu8gyF/individuals,,2218.5,0,0
individuals_ID0000086,compute,0,1658771433.0,,,1658771438.0,1658771458.0,1658773965.0,1658773965.0,1658773970.0,5.0,,20.0,2507.0,5.0,116.0,2539402330.0,5.0,1713730.0,poseidon,condorpool,worker2-container-0-3,individuals,/var/lib/condor/execute/dir_100/pegasus.CNxMzloWc/individuals,,2366.3,0,0
individuals_ID0000087,compute,0,1658771433.0,,,1658771438.0,1658771458.0,1658774055.0,1658774055.0,1658774060.0,5.0,,20.0,2597.0,5.0,158.0,2539402330.0,4.0,1575124.0,poseidon,condorpool,worker1-container-4-7,individuals,/var/lib/condor/execute/dir_103/pegasus.HrY7S1jwD/individuals,,2298.1,0,0
individuals_ID0000071,compute,0,1658771433.0,,,1658771438.0,1658771458.0,1658773930.0,1658773930.0,1658773935.0,5.0,,20.0,2472.0,5.0,149.0,2539402330.0,5.0,1701989.0,poseidon,condorpool,worker1-container-8-11,individuals,/var/lib/condor/execute/dir_100/pegasus.xtsH7f9jf/individuals,,2299.2,0,0
individuals_ID0000081,compute,0,1658771433.0,,,1658771438.0,1658771459.0,1658773995.0,1658773995.0,1658774000.0,5.0,,21.0,2536.0,5.0,211.0,2539402330.0,4.0,1447528.0,poseidon,condorpool,worker1-container-12-15,individuals,/var/lib/condor/execute/dir_101/pegasus.Ar4xlNYUR/individuals,,2298.2,0,0
individuals_ID0000080,compute,0,1658771433.0,,,1658771438.0,1658771459.0,1658774035.0,1658774035.0,1658774040.0,5.0,,21.0,2576.0,5.0,219.0,2539402330.0,4.0,1293858.0,poseidon,condorpool,worker2-container-32-35,individuals,/var/lib/condor/execute/dir_105/pegasus.slBzwJ9Sy/individuals,,2329.8,0,0
individuals_ID0000094,compute,0,1658771433.0,,,1658771438.0,1658771459.0,1658774010.0,1658774010.0,1658774015.0,5.0,,21.0,2551.0,5.0,162.0,2539402330.0,5.0,1869056.0,poseidon,condorpool,worker1-container-8-11,individuals,/var/lib/condor/execute/dir_103/pegasus.yZwjURxXo/individuals,,2364.8,0,0
individuals_ID0000093,compute,0,1658771433.0,,,1658771438.0,1658771459.0,1658774075.0,1658774075.0,1658774080.0,5.0,,21.0,2616.0,5.0,221.0,2539402330.0,5.0,1462359.0,poseidon,condorpool,worker1-container-28-31,individuals,/var/lib/condor/execute/dir_108/pegasus.3olHKVDmY/individuals,,2299.5,0,0
individuals_ID0000092,compute,0,1658771433.0,,,1658771438.0,1658771459.0,1658774120.0,1658774120.0,1658774125.0,5.0,,21.0,2661.0,5.0,192.0,2539402330.0,4.0,1707615.0,poseidon,condorpool,worker1-container-12-15,individuals,/var/lib/condor/execute/dir_103/pegasus.Cl0bTF7Ar/individuals,,2443.6,0,0
individuals_ID0000091,compute,0,1658771433.0,,,1658771438.0,1658771459.0,1658774427.0,1658774427.0,1658774432.0,5.0,,21.0,2968.0,5.0,219.0,2539402330.0,4.0,1550482.0,poseidon,condorpool,worker1-container-36-39,individuals,/var/lib/condor/execute/dir_103/pegasus.YX8Y0iyeD/individuals,,2298.2,0,0
individuals_ID0000098,compute,0,1658771433.0,,,1658771438.0,1658771459.0,1658774332.0,1658774332.0,1658774337.0,5.0,,21.0,2873.0,5.0,158.0,2539402330.0,5.0,1340959.0,poseidon,condorpool,worker1-container-4-7,individuals,/var/lib/condor/execute/dir_105/pegasus.hFLJXvsMa/individuals,,2243.2,0,0
individuals_ID0000010,compute,0,1658771433.0,,,1658771438.0,1658771459.0,1658774070.0,1658774070.0,1658774075.0,5.0,,21.0,2611.0,5.0,216.0,2539481399.0,5.0,1530240.0,poseidon,condorpool,worker2-container-32-35,individuals,/var/lib/condor/execute/dir_107/pegasus.WaZ2pKSfJ/individuals,,2369.8,0,0
individuals_ID0000097,compute,0,1658771433.0,,,1658771438.0,1658771459.0,1658773875.0,1658773875.0,1658773880.0,5.0,,21.0,2416.0,5.0,113.0,2539402330.0,4.0,1358315.0,poseidon,condorpool,worker2-container-0-3,individuals,/var/lib/condor/execute/dir_102/pegasus.nDJt8kJis/individuals,,2282.4,0,0
individuals_ID0000095,compute,0,1658771433.0,,,1658771438.0,1658771459.0,1658774065.0,1658774065.0,1658774070.0,5.0,,21.0,2606.0,5.0,213.0,2539402330.0,4.0,1530823.0,poseidon,condorpool,worker2-container-8-11,individuals,/var/lib/condor/execute/dir_103/pegasus.YnZ2nBQFb/individuals,,2368.4,0,0
individuals_ID0000090,compute,0,1658771433.0,,,1658771438.0,1658771459.0,1658774070.0,1658774070.0,1658774075.0,5.0,,21.0,2611.0,5.0,163.0,2539402330.0,4.0,1280467.0,poseidon,condorpool,worker1-container-20-23,individuals,/var/lib/condor/execute/dir_103/pegasus.Hs8xnq4iw/individuals,,2419.8,0,0
individuals_ID0000019,compute,0,1658771433.0,,,1658771438.0,1658771459.0,1658774060.0,1658774060.0,1658774065.0,5.0,,21.0,2601.0,5.0,193.0,2539481399.0,5.0,1510383.0,poseidon,condorpool,worker2-container-20-23,individuals,/var/lib/condor/execute/dir_103/pegasus.3PcZwVDyb/individuals,,2385.5,0,0
individuals_ID0000096,compute,0,1658771433.0,,,1658771438.0,1658771459.0,1658774005.0,1658774005.0,1658774010.0,5.0,,21.0,2546.0,5.0,220.0,2539402330.0,4.0,1943636.0,poseidon,condorpool,worker2-container-36-39,individuals,/var/lib/condor/execute/dir_103/pegasus.LQNfKCG7s/individuals,,2299.6,0,0
individuals_ID0000013,compute,0,1658771433.0,,,1658771438.0,1658771459.0,1658773930.0,1658773930.0,1658773935.0,5.0,,21.0,2471.0,5.0,143.0,2539481399.0,5.0,1106006.0,poseidon,condorpool,worker2-container-16-19,individuals,/var/lib/condor/execute/dir_102/pegasus.yKuqZ7t3T/individuals,,2307.8,0,0
individuals_ID0000082,compute,0,1658771433.0,,,1658771438.0,1658771458.0,1658774010.0,1658774010.0,1658774015.0,5.0,,20.0,2552.0,5.0,171.0,2539402330.0,4.0,1301478.0,poseidon,condorpool,worker1-container-36-39,individuals,/var/lib/condor/execute/dir_101/pegasus.dOfLmoPok/individuals,,2316.6,0,0
individuals_ID0000083,compute,0,1658771433.0,,,1658771438.0,1658771459.0,1658774075.0,1658774075.0,1658774080.0,5.0,,21.0,2616.0,5.0,156.0,2539402330.0,4.0,1396617.0,poseidon,condorpool,worker1-container-8-11,individuals,/var/lib/condor/execute/dir_101/pegasus.4bCiy4b7O/individuals,,2438.3,0,0
individuals_ID0000014,compute,0,1658771433.0,,,1658771438.0,1658771459.0,1658774070.0,1658774070.0,1658774075.0,5.0,,21.0,2611.0,5.0,201.0,2539481399.0,4.0,1402838.0,poseidon,condorpool,worker2-container-24-27,individuals,/var/lib/condor/execute/dir_102/pegasus.y9WRkrIhh/individuals,,2388.4,0,0
individuals_ID0000016,compute,0,1658771433.0,,,1658771438.0,1658771459.0,1658773975.0,1658773975.0,1658773980.0,5.0,,21.0,2516.0,5.0,121.0,2539481399.0,4.0,793023.0,poseidon,condorpool,worker2-container-12-15,individuals,/var/lib/condor/execute/dir_101/pegasus.j7LivqhO2/individuals,,2369.7,0,0
individuals_ID0000017,compute,0,1658771433.0,,,1658771438.0,1658771459.0,1658774146.0,1658774146.0,1658774151.0,5.0,,21.0,2687.0,5.0,184.0,2539481399.0,4.0,1178641.0,poseidon,condorpool,worker1-container-32-35,individuals,/var/lib/condor/execute/dir_103/pegasus.z69duhHdM/individuals,,2278.7,0,0
individuals_ID0000015,compute,0,1658771433.0,,,1658771438.0,1658771459.0,1658774201.0,1658774201.0,1658774206.0,5.0,,21.0,2742.0,5.0,193.0,2539481399.0,4.0,769130.0,poseidon,condorpool,worker1-container-28-31,individuals,/var/lib/condor/execute/dir_106/pegasus.r5N3y5in6/individuals,,2382.5,0,0
individuals_ID0000011,compute,0,1658771433.0,,,1658771438.0,1658771459.0,1658774025.0,1658774025.0,1658774030.0,5.0,,21.0,2566.0,5.0,177.0,2539481399.0,5.0,1455038.0,poseidon,condorpool,worker2-container-28-31,individuals,/var/lib/condor/execute/dir_102/pegasus.sa6n00oSG/individuals,,2364.4,0,0
individuals_ID0000099,compute,0,1658771433.0,,,1658771438.0,1658771459.0,1658773870.0,1658773870.0,1658773875.0,5.0,,21.0,2411.0,5.0,91.0,2539402330.0,5.0,1047974.0,poseidon,condorpool,worker2-container-4-7,individuals,/var/lib/condor/execute/dir_102/pegasus.imubCDCsx/individuals,,2299.7,0,0
individuals_ID0000012,compute,0,1658771433.0,,,1658771438.0,1658771459.0,1658774065.0,1658774065.0,1658774070.0,5.0,,21.0,2606.0,5.0,163.0,2539481399.0,4.0,864890.0,poseidon,condorpool,worker1-container-16-19,individuals,/var/lib/condor/execute/dir_104/pegasus.qT5Glqgzg/individuals,,2423.1,0,0
individuals_ID0000018,compute,0,1658771433.0,,,1658771438.0,1658771459.0,1658774130.0,1658774130.0,1658774136.0,5.0,,21.0,2671.0,6.0,190.0,2539481399.0,4.0,1448395.0,poseidon,condorpool,worker1-container-24-27,individuals,/var/lib/condor/execute/dir_102/pegasus.aTdum07Xv/individuals,,2456.9,0,0
individuals_merge_ID0000051,compute,0,1658775908.0,,,1658775913.0,1658775919.0,1658776244.0,1658776244.0,1658776249.0,5.0,,6.0,325.0,5.0,15.0,71757455.0,16.0,183868414.0,poseidon,condorpool,worker2-container-8-11,individuals_merge,/var/lib/condor/execute/dir_3202/pegasus.k8zzOs7TS/individuals_merge,,275.3,0,0
individuals_merge_ID0000103,compute,0,1658776068.0,,,1658776073.0,1658776074.0,1658776429.0,1658776429.0,1658776434.0,5.0,,1.0,355.0,5.0,21.0,84338365.0,8.0,205406388.0,poseidon,condorpool,worker2-container-8-11,individuals_merge,/var/lib/condor/execute/dir_3832/pegasus.yMbQfE7wz/individuals_merge,,309.0,0,0
mutation_overlap_ID0000113,compute,0,1658776249.0,,,1658776254.0,1658776274.0,1658776314.0,1658776314.0,1658776319.0,5.0,,20.0,40.0,5.0,5.0,185547343.0,5.0,998984.0,poseidon,condorpool,worker1-container-24-27,mutation_overlap,/var/lib/condor/execute/dir_2913/pegasus.69nZXSHgV/mutation_overlap,,10.7,0,0
frequency_ID0000116,compute,0,1658776249.0,,,1658776254.0,1658776274.0,1658776549.0,1658776549.0,1658776554.0,5.0,,20.0,275.0,5.0,5.0,185564085.0,5.0,17997236.0,poseidon,condorpool,worker1-container-36-39,frequency,/var/lib/condor/execute/dir_2119/pegasus.GiRGX5e0C/frequency,,248.4,0,0
frequency_ID0000108,compute,0,1658776249.0,,,1658776254.0,1658776274.0,1658776589.0,1658776589.0,1658776594.0,5.0,,20.0,315.0,5.0,4.0,185544173.0,5.0,20578710.0,poseidon,condorpool,worker1-container-32-35,frequency,/var/lib/condor/execute/dir_2096/pegasus.fBJZK0Mp4/frequency,,290.6,0,0
frequency_ID0000118,compute,0,1658776249.0,,,1658776254.0,1658776274.0,1658776529.0,1658776529.0,1658776534.0,5.0,,20.0,255.0,5.0,5.0,185541333.0,5.0,16058620.0,poseidon,condorpool,worker2-container-12-15,frequency,/var/lib/condor/execute/dir_2902/pegasus.Ov8qivmSl/frequency,,227.4,0,0
frequency_ID0000106,compute,0,1658776249.0,,,1658776254.0,1658776274.0,1658776504.0,1658776504.0,1658776509.0,5.0,,20.0,230.0,5.0,5.0,185536941.0,5.0,15416367.0,poseidon,condorpool,worker1-container-28-31,frequency,/var/lib/condor/execute/dir_2070/pegasus.PUxg5EVA0/frequency,,203.5,0,0
mutation_overlap_ID0000111,compute,0,1658776249.0,,,1658776254.0,1658776274.0,1658776314.0,1658776314.0,1658776319.0,5.0,,20.0,40.0,5.0,5.0,185547759.0,4.0,1019905.0,poseidon,condorpool,worker1-container-8-11,mutation_overlap,/var/lib/condor/execute/dir_2714/pegasus.185SLGxTb/mutation_overlap,,10.3,0,0
mutation_overlap_ID0000117,compute,0,1658776249.0,,,1658776254.0,1658776274.0,1658776309.0,1658776309.0,1658776314.0,5.0,,20.0,35.0,5.0,4.0,185547695.0,4.0,999474.0,poseidon,condorpool,worker1-container-12-15,mutation_overlap,/var/lib/condor/execute/dir_2035/pegasus.m5ZbM108B/mutation_overlap,,10.4,0,0
frequency_ID0000114,compute,0,1658776249.0,,,1658776254.0,1658776274.0,1658776544.0,1658776544.0,1658776549.0,5.0,,20.0,270.0,5.0,5.0,185540981.0,5.0,16858266.0,poseidon,condorpool,worker1-container-0-3,frequency,/var/lib/condor/execute/dir_2857/pegasus.PlTA5aQ2L/frequency,,241.3,0,0
mutation_overlap_ID0000115,compute,0,1658776249.0,,,1658776254.0,1658776274.0,1658776349.0,1658776349.0,1658776354.0,5.0,,20.0,75.0,5.0,4.0,185570447.0,4.0,3578648.0,poseidon,condorpool,worker1-container-4-7,mutation_overlap,/var/lib/condor/execute/dir_2121/pegasus.e8Oqv5vBI/mutation_overlap,,48.6,0,0
mutation_overlap_ID0000105,compute,0,1658776249.0,,,1658776254.0,1658776274.0,1658776304.0,1658776304.0,1658776309.0,5.0,,20.0,30.0,5.0,5.0,185543303.0,5.0,799099.0,poseidon,condorpool,worker2-container-0-3,mutation_overlap,/var/lib/condor/execute/dir_3343/pegasus.4TevqWonB/mutation_overlap,,7.0,0,0
frequency_ID0000110,compute,0,1658776249.0,,,1658776254.0,1658776274.0,1658776519.0,1658776519.0,1658776524.0,5.0,,20.0,245.0,5.0,5.0,185540333.0,5.0,16079802.0,poseidon,condorpool,worker2-container-36-39,frequency,/var/lib/condor/execute/dir_2034/pegasus.V4GUD6Pnz/frequency,,218.5,0,0
frequency_ID0000112,compute,0,1658776249.0,,,1658776254.0,1658776274.0,1658776509.0,1658776509.0,1658776514.0,5.0,,20.0,235.0,5.0,5.0,185541397.0,5.0,15909049.0,poseidon,condorpool,worker2-container-8-11,frequency,/var/lib/condor/execute/dir_4602/pegasus.01l2EqNQp/frequency,,209.6,0,0
mutation_overlap_ID0000109,compute,0,1658776249.0,,,1658776254.0,1658776255.0,1658776289.0,1658776289.0,1658776294.0,5.0,,1.0,34.0,5.0,5.0,185546695.0,5.0,921880.0,poseidon,condorpool,worker2-container-8-11,mutation_overlap,/var/lib/condor/execute/dir_4371/pegasus.8tiJbCW4d/mutation_overlap,,8.4,0,0
mutation_overlap_ID0000107,compute,0,1658776249.0,,,1658776254.0,1658776274.0,1658776314.0,1658776314.0,1658776319.0,5.0,,20.0,40.0,5.0,5.0,185550535.0,4.0,1274976.0,poseidon,condorpool,worker2-container-32-35,mutation_overlap,/var/lib/condor/execute/dir_2472/pegasus.WKNoTWMiM/mutation_overlap,,13.7,0,0
mutation_overlap_ID0000125,compute,0,1658776434.0,,,1658776439.0,1658776440.0,1658776479.0,1658776479.0,1658776484.0,5.0,,1.0,39.0,5.0,5.0,206504082.0,5.0,679299.0,poseidon,condorpool,worker2-container-32-35,mutation_overlap,/var/lib/condor/execute/dir_2748/pegasus.LJlkqyYu2/mutation_overlap,,10.2,0,0
frequency_ID0000128,compute,0,1658776434.0,,,1658776439.0,1658776440.0,1658776629.0,1658776629.0,1658776634.0,5.0,,1.0,189.0,5.0,5.0,206497304.0,5.0,11387093.0,poseidon,condorpool,worker1-container-4-7,frequency,/var/lib/condor/execute/dir_2398/pegasus.lJ6KX2sHz/frequency,,162.9,0,0
mutation_overlap_ID0000123,compute,0,1658776434.0,,,1658776439.0,1658776440.0,1658776479.0,1658776479.0,1658776484.0,5.0,,1.0,39.0,5.0,6.0,206503018.0,4.0,645039.0,poseidon,condorpool,worker2-container-0-3,mutation_overlap,/var/lib/condor/execute/dir_3618/pegasus.O8fEncJgo/mutation_overlap,,9.3,0,0
mutation_overlap_ID0000129,compute,0,1658776434.0,,,1658776439.0,1658776440.0,1658776504.0,1658776504.0,1658776509.0,5.0,,1.0,64.0,5.0,5.0,206526770.0,4.0,1878210.0,poseidon,condorpool,worker2-container-36-39,mutation_overlap,/var/lib/condor/execute/dir_2278/pegasus.ABmkEI0at/mutation_overlap,,37.7,0,0
mutation_overlap_ID0000127,compute,0,1658776434.0,,,1658776439.0,1658776440.0,1658776474.0,1658776474.0,1658776479.0,5.0,,1.0,34.0,5.0,5.0,206503666.0,4.0,770640.0,poseidon,condorpool,worker1-container-0-3,mutation_overlap,/var/lib/condor/execute/dir_3100/pegasus.c3NjooeHY/mutation_overlap,,10.4,0,0
frequency_ID0000122,compute,0,1658776434.0,,,1658776439.0,1658776440.0,1658776649.0,1658776649.0,1658776654.0,5.0,,1.0,209.0,5.0,6.0,206500496.0,5.0,13427872.0,poseidon,condorpool,worker2-container-8-11,frequency,/var/lib/condor/execute/dir_4951/pegasus.hky3ZQA3T/frequency,,178.3,0,0
frequency_ID0000132,compute,0,1658776434.0,,,1658776439.0,1658776440.0,1658776634.0,1658776634.0,1658776639.0,5.0,,1.0,194.0,5.0,5.0,206497656.0,5.0,12816517.0,poseidon,condorpool,worker1-container-12-15,frequency,/var/lib/condor/execute/dir_2308/pegasus.fwEFoQTlG/frequency,,164.7,0,0
frequency_ID0000130,compute,0,1658776434.0,,,1658776439.0,1658776440.0,1658776644.0,1658776644.0,1658776649.0,5.0,,1.0,204.0,5.0,6.0,206520408.0,5.0,12585814.0,poseidon,condorpool,worker2-container-32-35,frequency,/var/lib/condor/execute/dir_2747/pegasus.FhoTEj6Od/frequency,,173.8,0,0
frequency_ID0000126,compute,0,1658776434.0,,,1658776439.0,1658776440.0,1658776629.0,1658776629.0,1658776634.0,5.0,,1.0,189.0,5.0,5.0,206497720.0,4.0,11336945.0,poseidon,condorpool,worker1-container-8-11,frequency,/var/lib/condor/execute/dir_2988/pegasus.koCcNO1l8/frequency,,158.8,0,0
mutation_overlap_ID0000131,compute,0,1658776434.0,,,1658776439.0,1658776440.0,1658776474.0,1658776474.0,1658776479.0,5.0,,1.0,34.0,5.0,5.0,206504018.0,4.0,690870.0,poseidon,condorpool,worker1-container-4-7,mutation_overlap,/var/lib/condor/execute/dir_2397/pegasus.kjjn1R9HR/mutation_overlap,,9.8,0,0
mutation_overlap_ID0000121,compute,0,1658776434.0,,,1658776439.0,1658776440.0,1658776479.0,1658776479.0,1658776484.0,5.0,,1.0,39.0,5.0,5.0,206506858.0,4.0,859626.0,poseidon,condorpool,worker2-container-0-3,mutation_overlap,/var/lib/condor/execute/dir_3617/pegasus.kViYedaZx/mutation_overlap,,11.8,0,0
frequency_ID0000124,compute,0,1658776434.0,,,1658776439.0,1658776440.0,1658776629.0,1658776629.0,1658776634.0,5.0,,1.0,189.0,5.0,8.0,206496656.0,5.0,11646832.0,poseidon,condorpool,worker2-container-8-11,frequency,/var/lib/condor/execute/dir_4948/pegasus.G0OFOIKhl/frequency,,157.3,0,0
mutation_overlap_ID0000119,compute,0,1658776434.0,,,1658776439.0,1658776440.0,1658776479.0,1658776479.0,1658776484.0,5.0,,1.0,39.0,5.0,8.0,206499626.0,4.0,584285.0,poseidon,condorpool,worker2-container-8-11,mutation_overlap,/var/lib/condor/execute/dir_4949/pegasus.Q1tEzsWJr/mutation_overlap,,7.5,0,0
frequency_ID0000120,compute,0,1658776434.0,,,1658776439.0,1658776440.0,1658776624.0,1658776624.0,1658776629.0,5.0,,1.0,184.0,5.0,5.0,206493264.0,4.0,10903266.0,poseidon,condorpool,worker1-container-24-27,frequency,/var/lib/condor/execute/dir_3187/pegasus.T65T8RW4K/frequency,,155.4,0,0
stage_out_local_condorpool_2_2,transfer,0,1658776634.0,,,1658776639.0,1658776640.0,1658776644.0,1658776644.0,1658776649.0,5.0,,1.0,4.0,5.0,,,,,poseidon,local,host-10-100-100-16.openstacklocal,pegasus::transfer,/home/poseidon/pegasus-5.1.0panorama/bin/pegasus-transfer,/home/poseidon/pegasus-5.1.0panorama/bin/../bin/pegasus-kickstart  -n pegasus::transfer -N null -i - -R local  -L 1000-genome -T 2022-07-24T20:26:55+00:00 /home/poseidon/pegasus-5.1.0panorama/bin/../bin/pegasus-transfer  --threads 2,2.0,0,0
stage_out_local_condorpool_2_0,transfer,0,1658776639.0,,,1658776644.0,1658776645.0,1658776649.0,1658776649.0,1658776654.0,5.0,,1.0,4.0,5.0,,,,,poseidon,local,host-10-100-100-16.openstacklocal,pegasus::transfer,/home/poseidon/pegasus-5.1.0panorama/bin/pegasus-transfer,/home/poseidon/pegasus-5.1.0panorama/bin/../bin/pegasus-kickstart  -n pegasus::transfer -N null -i - -R local  -L 1000-genome -T 2022-07-24T20:26:55+00:00 /home/poseidon/pegasus-5.1.0panorama/bin/../bin/pegasus-transfer  --threads 2,2.0,0,0
stage_out_local_condorpool_2_1,transfer,0,1658776654.0,,,1658776659.0,1658776660.0,1658776664.0,1658776664.0,1658776669.0,5.0,,1.0,4.0,5.0,,,,,poseidon,local,host-10-100-100-16.openstacklocal,pegasus::transfer,/home/poseidon/pegasus-5.1.0panorama/bin/pegasus-transfer,/home/poseidon/pegasus-5.1.0panorama/bin/../bin/pegasus-kickstart  -n pegasus::transfer -N null -i - -R local  -L 1000-genome -T 2022-07-24T20:26:55+00:00 /home/poseidon/pegasus-5.1.0panorama/bin/../bin/pegasus-transfer  --threads 2,1.8,0,0
cleanup_1000-genome_0_condorpool,auxiliary,0,1658776669.0,,,1658776674.0,1658776674.0,1658776679.0,1658776679.0,1658776684.0,5.0,,0.0,5.0,5.0,,,,,poseidon,local,host-10-100-100-16.openstacklocal,pegasus::cleanup,/home/poseidon/pegasus-5.1.0panorama/bin/pegasus-transfer,-n pegasus::cleanup -N null -i - -R local  -L 1000-genome -T 2022-07-24T20:26:55+00:00 /home/poseidon/pegasus-5.1.0panorama/bin/../bin/pegasus-transfer,0.2,0,0
