,anomaly_type,type,is_clustered,ready,pre_script_start,pre_script_end,submit,stage_in_start,stage_in_end,execute_start,execute_end,stage_out_start,stage_out_end,post_script_start,post_script_end,wms_delay,pre_script_delay,queue_delay,runtime,post_script_delay,stage_in_delay,stage_in_bytes,stage_out_delay,stage_out_bytes,kickstart_user,kickstart_site,kickstart_hostname,kickstart_transformations,kickstart_executables,kickstart_executables_argv,kickstart_executables_cpu_time,kickstart_status,kickstart_executables_exitcode
create_dir_predict-future-sales_0_local,None,auxiliary,0,1676910990.0,,,1676910991.0,,,1676910995.0,1676911001.0,,,1676911001.0,1676911006.0,1.0,,4.0,6.0,5.0,,,,,poseidon,local,host-10-100-100-12.openstacklocal,pegasus::dirmanager,/home/poseidon/pegasus-5.1.0panorama/bin/pegasus-transfer,pegasus-kickstart  -n pegasus::dirmanager -N null -i - -R local  -L predict-future-sales -T 2023-02-17T19:59:06+00:00 pegasus-transfer,0.3,0,0
create_dir_predict-future-sales_0_condorpool,None,auxiliary,0,1676910990.0,,,1676910991.0,,,1676910995.0,1676911001.0,,,1676911001.0,1676911006.0,1.0,,4.0,6.0,5.0,,,,,poseidon,local,host-10-100-100-12.openstacklocal,pegasus::dirmanager,/home/poseidon/pegasus-5.1.0panorama/bin/pegasus-transfer,pegasus-kickstart  -n pegasus::dirmanager -N null -i - -R local  -L predict-future-sales -T 2023-02-17T19:59:06+00:00 pegasus-transfer,0.3,0,0
stage_in_local_condorpool_6_0,None,transfer,0,1676911006.0,,,1676911011.0,1676911011.0,1676911015.0,1676911011.0,1676911021.0,,,1676911021.0,1676911026.0,5.0,,0.0,10.0,5.0,4.0,7870.0,,,poseidon,local,host-10-100-100-12.openstacklocal,pegasus::transfer,/home/poseidon/pegasus-5.1.0panorama/bin/pegasus-transfer,pegasus-kickstart  -n pegasus::transfer -N null -i - -R local  -L predict-future-sales -T 2023-02-17T19:59:06+00:00 pegasus-transfer  --threads 2,0.4,0,0
stage_in_local_condorpool_0_0,None,transfer,0,1676911006.0,,,1676911011.0,1676911011.0,1676911021.0,1676911011.0,1676911031.0,,,1676911031.0,1676911036.0,5.0,,0.0,20.0,5.0,10.0,936801734.0,,,poseidon,local,host-10-100-100-12.openstacklocal,pegasus::transfer,/home/poseidon/pegasus-5.1.0panorama/bin/pegasus-transfer,pegasus-kickstart  -n pegasus::transfer -N null -i - -R local  -L predict-future-sales -T 2023-02-17T19:59:06+00:00 pegasus-transfer  --threads 2,5.7,0,0
stage_in_local_condorpool_1_0,None,transfer,0,1676911006.0,,,1676911011.0,1676911011.0,1676911016.0,1676911011.0,1676911021.0,,,1676911021.0,1676911026.0,5.0,,0.0,10.0,5.0,5.0,15640.0,,,poseidon,local,host-10-100-100-12.openstacklocal,pegasus::transfer,/home/poseidon/pegasus-5.1.0panorama/bin/pegasus-transfer,pegasus-kickstart  -n pegasus::transfer -N null -i - -R local  -L predict-future-sales -T 2023-02-17T19:59:06+00:00 pegasus-transfer  --threads 2,0.6,0,0
stage_in_local_condorpool_7_0,None,transfer,0,1676911006.0,,,1676911011.0,1676911011.0,1676911015.0,1676911011.0,1676911021.0,,,1676911021.0,1676911026.0,5.0,,0.0,10.0,5.0,4.0,3488.0,,,poseidon,local,host-10-100-100-12.openstacklocal,pegasus::transfer,/home/poseidon/pegasus-5.1.0panorama/bin/pegasus-transfer,pegasus-kickstart  -n pegasus::transfer -N null -i - -R local  -L predict-future-sales -T 2023-02-17T19:59:06+00:00 pegasus-transfer  --threads 2,0.4,0,0
stage_in_local_condorpool_3_0,None,transfer,0,1676911006.0,,,1676911011.0,1676911011.0,1676911016.0,1676911011.0,1676911021.0,,,1676911021.0,1676911026.0,5.0,,0.0,10.0,5.0,5.0,12704.0,,,poseidon,local,host-10-100-100-12.openstacklocal,pegasus::transfer,/home/poseidon/pegasus-5.1.0panorama/bin/pegasus-transfer,pegasus-kickstart  -n pegasus::transfer -N null -i - -R local  -L predict-future-sales -T 2023-02-17T19:59:06+00:00 pegasus-transfer  --threads 2,0.6,0,0
stage_in_local_condorpool_8_0,None,transfer,0,1676911006.0,,,1676911011.0,1676911011.0,1676911015.0,1676911011.0,1676911021.0,,,1676911021.0,1676911026.0,5.0,,0.0,10.0,5.0,4.0,2368.0,,,poseidon,local,host-10-100-100-12.openstacklocal,pegasus::transfer,/home/poseidon/pegasus-5.1.0panorama/bin/pegasus-transfer,pegasus-kickstart  -n pegasus::transfer -N null -i - -R local  -L predict-future-sales -T 2023-02-17T19:59:06+00:00 pegasus-transfer  --threads 2,0.4,0,0
stage_in_local_local_4_0,None,transfer,0,1676911006.0,,,1676911011.0,1676911011.0,1676911014.0,1676911011.0,1676911021.0,,,1676911021.0,1676911026.0,5.0,,0.0,10.0,5.0,3.0,12577.0,,,poseidon,local,host-10-100-100-12.openstacklocal,pegasus::transfer,/home/poseidon/pegasus-5.1.0panorama/bin/pegasus-transfer,pegasus-kickstart  -n pegasus::transfer -N null -i - -R local  -L predict-future-sales -T 2023-02-17T19:59:06+00:00 pegasus-transfer  --threads 2,0.4,0,0
stage_in_local_condorpool_2_0,None,transfer,0,1676911006.0,,,1676911011.0,1676911011.0,1676911017.0,1676911011.0,1676911026.0,,,1676911026.0,1676911031.0,5.0,,0.0,15.0,5.0,6.0,55480.0,,,poseidon,local,host-10-100-100-12.openstacklocal,pegasus::transfer,/home/poseidon/pegasus-5.1.0panorama/bin/pegasus-transfer,pegasus-kickstart  -n pegasus::transfer -N null -i - -R local  -L predict-future-sales -T 2023-02-17T19:59:06+00:00 pegasus-transfer  --threads 2,1.0,0,0
preprocess_ID0000003,None,compute,0,1676911036.0,,,1676911041.0,1676911013.0,1676911032.0,1676911051.0,1676911101.0,1676911043.0,1676911051.0,1676911101.0,1676911106.0,5.0,,10.0,50.0,5.0,19.0,467356066.0,8.0,160257914.0,poseidon,condorpool,poseidon-worker-1-container-32-39,preprocess,/srv/preprocess,,4.3,0,0
nlp_ID0000002,None,compute,0,1676911036.0,,,1676911041.0,1676911013.0,1676911031.0,1676911051.0,1676911301.0,1676911248.0,1676911253.0,1676911301.0,1676911306.0,5.0,,10.0,250.0,5.0,18.0,369033604.0,5.0,2755872.0,poseidon,condorpool,poseidon-worker-2-container-16-23,nlp,/srv/nlp,,1298.5,0,0
eda_ID0000001,None,compute,0,1676911036.0,,,1676911041.0,1676911013.0,1676911033.0,1676911051.0,1676911126.0,1676911073.0,1676911077.0,1676911126.0,1676911131.0,5.0,,10.0,75.0,5.0,20.0,464177772.0,4.0,1195961.0,poseidon,condorpool,poseidon-worker-1-container-0-7,eda,/srv/eda,,33.5,0,0
feature_eng_0_ID0000004,None,compute,0,1676911106.0,,,1676911111.0,1676911074.0,1676911093.0,1676911112.0,1676911156.0,1676911104.0,1676911108.0,1676911156.0,1676911161.0,5.0,,1.0,44.0,5.0,19.0,369949088.0,4.0,893320.0,poseidon,condorpool,poseidon-worker-1-container-32-39,feature_eng_0,/srv/feature_eng_0,,5.0,0,0
feature_eng_1_ID0000005,None,compute,0,1676911106.0,,,1676911111.0,1676911086.0,1676911107.0,1676911124.0,1676911191.0,1676911131.0,1676911142.0,1676911191.0,1676911196.0,5.0,,13.0,67.0,5.0,21.0,528250191.0,11.0,393324463.0,poseidon,condorpool,poseidon-worker-1-container-0-7,feature_eng_1,/srv/feature_eng_1,,15.8,0,0
feature_eng_4_ID0000008,None,compute,0,1676911196.0,,,1676911201.0,1676911173.0,1676911195.0,1676911211.0,1676911331.0,1676911260.0,1676911284.0,1676911331.0,1676911336.0,5.0,,10.0,120.0,5.0,22.0,761328752.0,24.0,1201824259.0,poseidon,condorpool,poseidon-worker-1-container-32-39,feature_eng_4,/srv/feature_eng_4,,52.3,0,0
feature_eng_3_ID0000007,None,compute,0,1676911196.0,,,1676911201.0,1676911164.0,1676911187.0,1676911202.0,1676911381.0,1676911310.0,1676911334.0,1676911381.0,1676911386.0,5.0,,1.0,179.0,5.0,23.0,762217561.0,24.0,1179971921.0,poseidon,condorpool,poseidon-worker-1-container-32-39,feature_eng_3,/srv/feature_eng_3,,110.5,0,0
feature_eng_2_ID0000006,None,compute,0,1676911196.0,,,1676911201.0,1676911173.0,1676911196.0,1676911211.0,1676911577.0,1676911497.0,1676911531.0,1676911577.0,1676911582.0,5.0,,10.0,366.0,5.0,23.0,761320658.0,34.0,1748107178.0,poseidon,condorpool,poseidon-worker-1-container-0-7,feature_eng_2,/srv/feature_eng_2,,286.2,0,0
feature_eng_5_ID0000009,None,compute,0,1676911196.0,,,1676911201.0,1676911164.0,1676911187.0,1676911202.0,1676911481.0,1676911419.0,1676911435.0,1676911481.0,1676911486.0,5.0,,1.0,279.0,5.0,23.0,856820455.0,16.0,655540227.0,poseidon,condorpool,poseidon-worker-1-container-0-7,feature_eng_5,/srv/feature_eng_5,,221.7,0,0
stage_out_local_condorpool_1_0,None,transfer,0,1676911196.0,,,1676911201.0,,,1676911201.0,1676911211.0,1676911201.0,1676911205.0,1676911211.0,1676911216.0,5.0,,0.0,10.0,5.0,,,4.0,394217783.0,poseidon,local,host-10-100-100-12.openstacklocal,pegasus::transfer,/home/poseidon/pegasus-5.1.0panorama/bin/pegasus-transfer,pegasus-kickstart  -n pegasus::transfer -N null -i - -R local  -L predict-future-sales -T 2023-02-17T19:59:06+00:00 pegasus-transfer  --threads 2,2.1,0,0
register_condorpool_1_0,None,auxiliary,0,1676911216.0,,,1676911221.0,,,1676911221.0,1676911226.0,,,1676911226.0,1676911231.0,5.0,,0.0,5.0,5.0,,,,,poseidon,local,host-10-100-100-12.openstacklocal,pegasus::rc-client,/home/poseidon/pegasus-5.1.0panorama/bin/pegasus-rc-client,"pegasus-kickstart  -n pegasus::rc-client -N null -R local  -L predict-future-sales -T 2023-02-17T19:59:06+00:00 /home/poseidon/pegasus-5.1.0panorama/bin/pegasus-rc-client --prefix pegasus.catalog.replica.output --conf /home/poseidon/workflows/predict-future-sales-workflow/submit/poseidon/pegasus/predict-future-sales/run0029/pegasus.9907149673928161033.properties -v --meta /home/poseidon/workflows/predict-future-sales-workflow/submit/poseidon/pegasus/predict-future-sales/run0029/00/00/feature_eng_1_ID0000005.meta,/home/poseidon/workflows/predict-future-sales-workflow/submit/poseidon/pegasus/predict-future-sales/run0029/00/00/feature_eng_0_ID0000004.meta --insert /home/poseidon/workflows/predict-future-sales-workflow/submit/poseidon/pegasus/predict-future-sales/run0029/00/00/register_condorpool_1_0.in",3.0,0,0
stage_out_local_condorpool_0_0,None,transfer,0,1676911306.0,,,1676911311.0,,,1676911311.0,1676911321.0,1676911312.0,1676911316.0,1676911321.0,1676911326.0,5.0,,0.0,10.0,5.0,,,4.0,164209747.0,poseidon,local,host-10-100-100-12.openstacklocal,pegasus::transfer,/home/poseidon/pegasus-5.1.0panorama/bin/pegasus-transfer,pegasus-kickstart  -n pegasus::transfer -N null -i - -R local  -L predict-future-sales -T 2023-02-17T19:59:06+00:00 pegasus-transfer  --threads 2,2.0,0,0
register_condorpool_0_0,None,auxiliary,0,1676911326.0,,,1676911331.0,,,1676911331.0,1676911336.0,,,1676911336.0,1676911341.0,5.0,,0.0,5.0,5.0,,,,,poseidon,local,host-10-100-100-12.openstacklocal,pegasus::rc-client,/home/poseidon/pegasus-5.1.0panorama/bin/pegasus-rc-client,"pegasus-kickstart  -n pegasus::rc-client -N null -R local  -L predict-future-sales -T 2023-02-17T19:59:06+00:00 /home/poseidon/pegasus-5.1.0panorama/bin/pegasus-rc-client --prefix pegasus.catalog.replica.output --conf /home/poseidon/workflows/predict-future-sales-workflow/submit/poseidon/pegasus/predict-future-sales/run0029/pegasus.9907149673928161033.properties -v --meta /home/poseidon/workflows/predict-future-sales-workflow/submit/poseidon/pegasus/predict-future-sales/run0029/00/00/nlp_ID0000002.meta,/home/poseidon/workflows/predict-future-sales-workflow/submit/poseidon/pegasus/predict-future-sales/run0029/00/00/eda_ID0000001.meta,/home/poseidon/workflows/predict-future-sales-workflow/submit/poseidon/pegasus/predict-future-sales/run0029/00/00/preprocess_ID0000003.meta --insert /home/poseidon/workflows/predict-future-sales-workflow/submit/poseidon/pegasus/predict-future-sales/run0029/00/00/register_condorpool_0_0.in",3.0,0,0
stage_out_local_condorpool_2_0,None,transfer,0,1676911582.0,,,1676911587.0,,,1676911587.0,1676911612.0,1676911587.0,1676911606.0,1676911612.0,1676911617.0,5.0,,0.0,25.0,5.0,,,19.0,4785443585.0,poseidon,local,host-10-100-100-12.openstacklocal,pegasus::transfer,/home/poseidon/pegasus-5.1.0panorama/bin/pegasus-transfer,pegasus-kickstart  -n pegasus::transfer -N null -i - -R local  -L predict-future-sales -T 2023-02-17T19:59:06+00:00 pegasus-transfer  --threads 2,20.7,0,0
feature_merge_ID0000010,None,compute,0,1676911582.0,,,1676911587.0,1676911550.0,1676911624.0,1676911588.0,1676911818.0,1676911715.0,1676911770.0,1676911818.0,1676911823.0,5.0,,1.0,230.0,5.0,74.0,5155397110.0,55.0,2993643458.0,poseidon,condorpool,poseidon-worker-1-container-0-7,feature_merge,/srv/feature_merge,,61.3,0,0
register_condorpool_2_0,None,auxiliary,0,1676911617.0,,,1676911622.0,,,1676911622.0,1676911627.0,,,1676911627.0,1676911632.0,5.0,,0.0,5.0,5.0,,,,,poseidon,local,host-10-100-100-12.openstacklocal,pegasus::rc-client,/home/poseidon/pegasus-5.1.0panorama/bin/pegasus-rc-client,"pegasus-kickstart  -n pegasus::rc-client -N null -R local  -L predict-future-sales -T 2023-02-17T19:59:06+00:00 /home/poseidon/pegasus-5.1.0panorama/bin/pegasus-rc-client --prefix pegasus.catalog.replica.output --conf /home/poseidon/workflows/predict-future-sales-workflow/submit/poseidon/pegasus/predict-future-sales/run0029/pegasus.9907149673928161033.properties -v --meta /home/poseidon/workflows/predict-future-sales-workflow/submit/poseidon/pegasus/predict-future-sales/run0029/00/00/feature_eng_5_ID0000009.meta,/home/poseidon/workflows/predict-future-sales-workflow/submit/poseidon/pegasus/predict-future-sales/run0029/00/00/feature_eng_2_ID0000006.meta,/home/poseidon/workflows/predict-future-sales-workflow/submit/poseidon/pegasus/predict-future-sales/run0029/00/00/feature_eng_3_ID0000007.meta,/home/poseidon/workflows/predict-future-sales-workflow/submit/poseidon/pegasus/predict-future-sales/run0029/00/00/feature_eng_4_ID0000008.meta --insert /home/poseidon/workflows/predict-future-sales-workflow/submit/poseidon/pegasus/predict-future-sales/run0029/00/00/register_condorpool_2_0.in",3.1,0,0
stage_inter_local_xgboost_model_ID0000021_0,None,transfer,0,1676911823.0,,,1676911828.0,1676911828.0,1676911862.0,1676911828.0,1676911868.0,,,1676911868.0,1676911873.0,5.0,,0.0,40.0,5.0,34.0,2646308508.0,,,poseidon,local,host-10-100-100-12.openstacklocal,pegasus::transfer,/home/poseidon/pegasus-5.1.0panorama/bin/pegasus-transfer,pegasus-kickstart  -n pegasus::transfer -N null -i - -R local  -L predict-future-sales -T 2023-02-17T19:59:06+00:00 pegasus-transfer  --threads 2,9.3,0,0
stage_inter_local_xgboost_hp_tuning_workflow_ID0000015_0,None,transfer,0,1676911823.0,,,1676911828.0,1676911828.0,1676911830.0,1676911828.0,1676911838.0,,,1676911838.0,1676911843.0,5.0,,0.0,10.0,5.0,2.0,826.0,,,poseidon,local,host-10-100-100-12.openstacklocal,pegasus::transfer,/home/poseidon/pegasus-5.1.0panorama/bin/pegasus-transfer,pegasus-kickstart  -n pegasus::transfer -N null -i - -R local  -L predict-future-sales -T 2023-02-17T19:59:06+00:00 pegasus-transfer  --threads 2,0.3,0,0
stage_inter_local_model_predict_ID0000022_0,None,transfer,0,1676911823.0,,,1676911828.0,1676911828.0,1676911832.0,1676911828.0,1676911838.0,,,1676911838.0,1676911843.0,5.0,,0.0,10.0,5.0,4.0,54050130.0,,,poseidon,local,host-10-100-100-12.openstacklocal,pegasus::transfer,/home/poseidon/pegasus-5.1.0panorama/bin/pegasus-transfer,pegasus-kickstart  -n pegasus::transfer -N null -i - -R local  -L predict-future-sales -T 2023-02-17T19:59:06+00:00 pegasus-transfer  --threads 2,0.6,0,0
stage_out_local_condorpool_3_0,None,transfer,0,1676911823.0,,,1676911828.0,,,1676911828.0,1676911858.0,1676911828.0,1676911851.0,1676911858.0,1676911863.0,5.0,,0.0,30.0,5.0,,,23.0,2993643458.0,poseidon,local,host-10-100-100-12.openstacklocal,pegasus::transfer,/home/poseidon/pegasus-5.1.0panorama/bin/pegasus-transfer,pegasus-kickstart  -n pegasus::transfer -N null -i - -R local  -L predict-future-sales -T 2023-02-17T19:59:06+00:00 pegasus-transfer  --threads 2,14.4,0,0
stage_inter_local_xgboost_model_ID0000013_0,None,transfer,0,1676911823.0,,,1676911828.0,1676911828.0,1676911836.0,1676911828.0,1676911843.0,,,1676911843.0,1676911848.0,5.0,,0.0,15.0,5.0,8.0,269346726.0,,,poseidon,local,host-10-100-100-12.openstacklocal,pegasus::transfer,/home/poseidon/pegasus-5.1.0panorama/bin/pegasus-transfer,pegasus-kickstart  -n pegasus::transfer -N null -i - -R local  -L predict-future-sales -T 2023-02-17T19:59:06+00:00 pegasus-transfer  --threads 2,1.3,0,0
stage_inter_local_model_predict_ID0000014_0,None,transfer,0,1676911823.0,,,1676911828.0,1676911828.0,1676911832.0,1676911828.0,1676911838.0,,,1676911838.0,1676911843.0,5.0,,0.0,10.0,5.0,4.0,4411696.0,,,poseidon,local,host-10-100-100-12.openstacklocal,pegasus::transfer,/home/poseidon/pegasus-5.1.0panorama/bin/pegasus-transfer,pegasus-kickstart  -n pegasus::transfer -N null -i - -R local  -L predict-future-sales -T 2023-02-17T19:59:06+00:00 pegasus-transfer  --threads 2,0.4,0,0
xgboost_hp_tuning_workflow_ID0000015,None,compute,0,1676911843.0,,,1676911848.0,,,1676911848.0,1676911863.0,,,1676911863.0,1676911868.0,5.0,,0.0,15.0,5.0,,,,,poseidon,local,poseidon-submit.novalocal,xgboost_hp_tuning_workflow,/var/spool/condor/local_univ_execute/dir_3929983/xgboost_hp_tuning_workflow,/home/poseidon/workflows/predict-future-sales-workflow/submit/poseidon/pegasus/predict-future-sales/run0029/00/00/xgboost_hp_tuning_workflow_ID0000015.sh,0.1,0,0
xgboost_hp_tuning_workflow_ID0000011,None,compute,0,1676911843.0,,,1676911848.0,,,1676911848.0,1676911868.0,,,1676911868.0,1676911873.0,5.0,,0.0,20.0,5.0,,,,,poseidon,local,poseidon-submit.novalocal,xgboost_hp_tuning_workflow,/var/spool/condor/local_univ_execute/dir_3929989/xgboost_hp_tuning_workflow,/home/poseidon/workflows/predict-future-sales-workflow/submit/poseidon/pegasus/predict-future-sales/run0029/00/00/xgboost_hp_tuning_workflow_ID0000011.sh,0.1,0,0
xgboost_hp_tuning_workflow_ID0000019,None,compute,0,1676911843.0,,,1676911848.0,,,1676911848.0,1676911863.0,,,1676911863.0,1676911868.0,5.0,,0.0,15.0,5.0,,,,,poseidon,local,poseidon-submit.novalocal,xgboost_hp_tuning_workflow,/var/spool/condor/local_univ_execute/dir_3929994/xgboost_hp_tuning_workflow,/home/poseidon/workflows/predict-future-sales-workflow/submit/poseidon/pegasus/predict-future-sales/run0029/00/00/xgboost_hp_tuning_workflow_ID0000019.sh,0.1,0,0
register_condorpool_3_0,None,auxiliary,0,1676911863.0,,,1676911868.0,,,1676911868.0,1676911873.0,,,1676911873.0,1676911878.0,5.0,,0.0,5.0,5.0,,,,,poseidon,local,host-10-100-100-12.openstacklocal,pegasus::rc-client,/home/poseidon/pegasus-5.1.0panorama/bin/pegasus-rc-client,pegasus-kickstart  -n pegasus::rc-client -N null -R local  -L predict-future-sales -T 2023-02-17T19:59:06+00:00 /home/poseidon/pegasus-5.1.0panorama/bin/pegasus-rc-client --prefix pegasus.catalog.replica.output --conf /home/poseidon/workflows/predict-future-sales-workflow/submit/poseidon/pegasus/predict-future-sales/run0029/pegasus.9907149673928161033.properties -v --meta /home/poseidon/workflows/predict-future-sales-workflow/submit/poseidon/pegasus/predict-future-sales/run0029/00/00/feature_merge_ID0000010.meta --insert /home/poseidon/workflows/predict-future-sales-workflow/submit/poseidon/pegasus/predict-future-sales/run0029/00/00/register_condorpool_3_0.in,3.0,0,0
pegasus-plan_ID0000020,None,subwf,0,1676911868.0,1676911868.0,1676911873.0,1676911878.0,,,1676911878.0,1676912938.0,,,,,0.0,5.0,0.0,1060.0,,,,,,poseidon,local,poseidon-submit,condor::dagman,/usr/bin/condor_dagman,-p 0  -f -l . -Notification never -Debug 3 -Lockfile xgboost_hp_tuning_group_2.dag.lock -Dag xgboost_hp_tuning_group_2.dag -AllowVersionMismatch  -AutoRescue 1 -DoRescueFrom 0,0.0,0,0
pegasus-plan_ID0000016,None,subwf,0,1676911868.0,1676911868.0,1676911873.0,1676911878.0,,,1676911878.0,1676912128.0,,,,,0.0,5.0,0.0,250.0,,,,,,poseidon,local,poseidon-submit,condor::dagman,/usr/bin/condor_dagman,-p 0  -f -l . -Notification never -Debug 3 -Lockfile xgboost_hp_tuning_group_1.dag.lock -Dag xgboost_hp_tuning_group_1.dag -AllowVersionMismatch  -AutoRescue 1 -DoRescueFrom 0,0.0,0,0
pegasus-plan_ID0000012,None,subwf,0,1676911873.0,1676911873.0,1676911878.0,1676911883.0,,,1676911884.0,1676912523.0,,,,,0.0,5.0,1.0,639.0,,,,,,poseidon,local,poseidon-submit,condor::dagman,/usr/bin/condor_dagman,-p 0  -f -l . -Notification never -Debug 3 -Lockfile xgboost_hp_tuning_group_0.dag.lock -Dag xgboost_hp_tuning_group_0.dag -AllowVersionMismatch  -AutoRescue 1 -DoRescueFrom 0,0.0,0,0
stage_out_local_local_4_0,None,transfer,0,1676911873.0,,,1676911878.0,,,1676911878.0,1676911888.0,1676911878.0,1676911882.0,1676911888.0,1676911893.0,5.0,,0.0,10.0,5.0,,,4.0,85038.0,poseidon,local,host-10-100-100-12.openstacklocal,pegasus::transfer,/home/poseidon/pegasus-5.1.0panorama/bin/pegasus-transfer,pegasus-kickstart  -n pegasus::transfer -N null -i - -R local  -L predict-future-sales -T 2023-02-17T19:59:06+00:00 pegasus-transfer  --threads 2,0.5,0,0
create_dir_predict-future-sales-hp-tuning_0_condorpool_pegasus-plan_ID0000016,None,auxiliary,0,1676911878.0,,,1676911879.0,,,1676911884.0,1676911894.0,,,1676911894.0,1676911899.0,1.0,,5.0,10.0,5.0,,,,,poseidon,local,host-10-100-100-12.openstacklocal,pegasus::dirmanager,/home/poseidon/pegasus-5.1.0panorama/bin/pegasus-transfer,pegasus-kickstart  -n pegasus::dirmanager -N null -i - -R local  -L xgboost_hp_tuning_group_1 -T 2023-02-20T16:51:10+00:00 pegasus-transfer,0.3,0,0
create_dir_predict-future-sales-hp-tuning_0_condorpool_pegasus-plan_ID0000020,None,auxiliary,0,1676911878.0,,,1676911879.0,,,1676911884.0,1676911894.0,,,1676911894.0,1676911899.0,1.0,,5.0,10.0,5.0,,,,,poseidon,local,host-10-100-100-12.openstacklocal,pegasus::dirmanager,/home/poseidon/pegasus-5.1.0panorama/bin/pegasus-transfer,pegasus-kickstart  -n pegasus::dirmanager -N null -i - -R local  -L xgboost_hp_tuning_group_2 -T 2023-02-20T16:51:10+00:00 pegasus-transfer,0.3,0,0
create_dir_predict-future-sales-hp-tuning_0_condorpool_pegasus-plan_ID0000012,None,auxiliary,0,1676911884.0,,,1676911885.0,,,1676911888.0,1676911895.0,,,1676911895.0,1676911900.0,1.0,,3.0,7.0,5.0,,,,,poseidon,local,host-10-100-100-12.openstacklocal,pegasus::dirmanager,/home/poseidon/pegasus-5.1.0panorama/bin/pegasus-transfer,pegasus-kickstart  -n pegasus::dirmanager -N null -i - -R local  -L xgboost_hp_tuning_group_0 -T 2023-02-20T16:51:15+00:00 pegasus-transfer,0.3,0,0
register_local_4_0,None,auxiliary,0,1676911893.0,,,1676911898.0,,,1676911898.0,1676911903.0,,,1676911903.0,1676911908.0,5.0,,0.0,5.0,5.0,,,,,poseidon,local,host-10-100-100-12.openstacklocal,pegasus::rc-client,/home/poseidon/pegasus-5.1.0panorama/bin/pegasus-rc-client,"pegasus-kickstart  -n pegasus::rc-client -N null -R local  -L predict-future-sales -T 2023-02-17T19:59:06+00:00 /home/poseidon/pegasus-5.1.0panorama/bin/pegasus-rc-client --prefix pegasus.catalog.replica.output --conf /home/poseidon/workflows/predict-future-sales-workflow/submit/poseidon/pegasus/predict-future-sales/run0029/pegasus.9907149673928161033.properties -v --meta /home/poseidon/workflows/predict-future-sales-workflow/submit/poseidon/pegasus/predict-future-sales/run0029/00/00/xgboost_hp_tuning_workflow_ID0000011.meta,/home/poseidon/workflows/predict-future-sales-workflow/submit/poseidon/pegasus/predict-future-sales/run0029/00/00/xgboost_hp_tuning_workflow_ID0000019.meta,/home/poseidon/workflows/predict-future-sales-workflow/submit/poseidon/pegasus/predict-future-sales/run0029/00/00/xgboost_hp_tuning_workflow_ID0000015.meta --insert /home/poseidon/workflows/predict-future-sales-workflow/submit/poseidon/pegasus/predict-future-sales/run0029/00/00/register_local_4_0.in",3.0,0,0
stage_in_local_condorpool_0_2_pegasus-plan_ID0000020,None,transfer,0,1676911899.0,,,1676911904.0,1676911905.0,1676911913.0,1676911905.0,1676911919.0,,,1676911919.0,1676911924.0,5.0,,1.0,14.0,5.0,8.0,735985664.0,,,poseidon,local,host-10-100-100-12.openstacklocal,pegasus::transfer,/home/poseidon/pegasus-5.1.0panorama/bin/pegasus-transfer,-n pegasus::transfer -N null -i - -R local  -L xgboost_hp_tuning_group_2 -T 2023-02-20T16:51:10+00:00 /home/poseidon/pegasus-5.1.0panorama/bin/../bin/pegasus-transfer  --threads 2,3.9,0,0
stage_in_local_condorpool_0_0_pegasus-plan_ID0000016,None,transfer,0,1676911899.0,,,1676911904.0,1676911905.0,1676911909.0,1676911904.0,1676911914.0,,,1676911914.0,1676911919.0,5.0,,0.0,10.0,5.0,4.0,12142.0,,,poseidon,local,host-10-100-100-12.openstacklocal,pegasus::transfer,/home/poseidon/pegasus-5.1.0panorama/bin/pegasus-transfer,-n pegasus::transfer -N null -i - -R local  -L xgboost_hp_tuning_group_1 -T 2023-02-20T16:51:10+00:00 /home/poseidon/pegasus-5.1.0panorama/bin/../bin/pegasus-transfer  --threads 2,0.6,0,0
stage_in_local_condorpool_1_0_pegasus-plan_ID0000016,None,transfer,0,1676911899.0,,,1676911904.0,1676911905.0,1676911908.0,1676911904.0,1676911914.0,,,1676911914.0,1676911919.0,5.0,,0.0,10.0,5.0,3.0,2874.0,,,poseidon,local,host-10-100-100-12.openstacklocal,pegasus::transfer,/home/poseidon/pegasus-5.1.0panorama/bin/pegasus-transfer,-n pegasus::transfer -N null -i - -R local  -L xgboost_hp_tuning_group_1 -T 2023-02-20T16:51:10+00:00 /home/poseidon/pegasus-5.1.0panorama/bin/../bin/pegasus-transfer  --threads 2,0.5,0,0
stage_in_local_condorpool_0_1_pegasus-plan_ID0000016,None,transfer,0,1676911899.0,,,1676911904.0,1676911905.0,1676911909.0,1676911905.0,1676911914.0,,,1676911914.0,1676911919.0,5.0,,1.0,9.0,5.0,4.0,19294600.0,,,poseidon,local,host-10-100-100-12.openstacklocal,pegasus::transfer,/home/poseidon/pegasus-5.1.0panorama/bin/pegasus-transfer,-n pegasus::transfer -N null -i - -R local  -L xgboost_hp_tuning_group_1 -T 2023-02-20T16:51:10+00:00 /home/poseidon/pegasus-5.1.0panorama/bin/../bin/pegasus-transfer  --threads 2,0.6,0,0
stage_in_local_condorpool_0_2_pegasus-plan_ID0000016,None,transfer,0,1676911899.0,,,1676911904.0,1676911905.0,1676911913.0,1676911905.0,1676911919.0,,,1676911919.0,1676911924.0,5.0,,1.0,14.0,5.0,8.0,735985664.0,,,poseidon,local,host-10-100-100-12.openstacklocal,pegasus::transfer,/home/poseidon/pegasus-5.1.0panorama/bin/pegasus-transfer,-n pegasus::transfer -N null -i - -R local  -L xgboost_hp_tuning_group_1 -T 2023-02-20T16:51:10+00:00 /home/poseidon/pegasus-5.1.0panorama/bin/../bin/pegasus-transfer  --threads 2,4.0,0,0
stage_in_local_condorpool_1_0_pegasus-plan_ID0000020,None,transfer,0,1676911899.0,,,1676911904.0,1676911905.0,1676911908.0,1676911904.0,1676911914.0,,,1676911914.0,1676911919.0,5.0,,0.0,10.0,5.0,3.0,2874.0,,,poseidon,local,host-10-100-100-12.openstacklocal,pegasus::transfer,/home/poseidon/pegasus-5.1.0panorama/bin/pegasus-transfer,-n pegasus::transfer -N null -i - -R local  -L xgboost_hp_tuning_group_2 -T 2023-02-20T16:51:10+00:00 /home/poseidon/pegasus-5.1.0panorama/bin/../bin/pegasus-transfer  --threads 2,0.5,0,0
stage_in_local_condorpool_0_1_pegasus-plan_ID0000020,None,transfer,0,1676911899.0,,,1676911904.0,1676911905.0,1676911921.0,1676911905.0,1676911929.0,,,1676911929.0,1676911934.0,5.0,,1.0,24.0,5.0,16.0,2646308508.0,,,poseidon,local,host-10-100-100-12.openstacklocal,pegasus::transfer,/home/poseidon/pegasus-5.1.0panorama/bin/pegasus-transfer,-n pegasus::transfer -N null -i - -R local  -L xgboost_hp_tuning_group_2 -T 2023-02-20T16:51:10+00:00 /home/poseidon/pegasus-5.1.0panorama/bin/../bin/pegasus-transfer  --threads 2,11.7,0,0
stage_in_local_condorpool_0_0_pegasus-plan_ID0000020,None,transfer,0,1676911899.0,,,1676911904.0,1676911905.0,1676911909.0,1676911904.0,1676911914.0,,,1676911914.0,1676911919.0,5.0,,0.0,10.0,5.0,4.0,12142.0,,,poseidon,local,host-10-100-100-12.openstacklocal,pegasus::transfer,/home/poseidon/pegasus-5.1.0panorama/bin/pegasus-transfer,-n pegasus::transfer -N null -i - -R local  -L xgboost_hp_tuning_group_2 -T 2023-02-20T16:51:10+00:00 /home/poseidon/pegasus-5.1.0panorama/bin/../bin/pegasus-transfer  --threads 2,0.6,0,0
stage_in_local_condorpool_0_1_pegasus-plan_ID0000012,None,transfer,0,1676911900.0,,,1676911905.0,1676911911.0,1676911916.0,1676911911.0,1676911925.0,,,1676911925.0,1676911930.0,5.0,,6.0,14.0,5.0,5.0,269346726.0,,,poseidon,local,host-10-100-100-12.openstacklocal,pegasus::transfer,/home/poseidon/pegasus-5.1.0panorama/bin/pegasus-transfer,-n pegasus::transfer -N null -i - -R local  -L xgboost_hp_tuning_group_0 -T 2023-02-20T16:51:15+00:00 /home/poseidon/pegasus-5.1.0panorama/bin/../bin/pegasus-transfer  --threads 2,1.7,0,0
stage_in_local_condorpool_0_0_pegasus-plan_ID0000012,None,transfer,0,1676911900.0,,,1676911905.0,1676911911.0,1676911916.0,1676911911.0,1676911925.0,,,1676911925.0,1676911930.0,5.0,,6.0,14.0,5.0,5.0,12142.0,,,poseidon,local,host-10-100-100-12.openstacklocal,pegasus::transfer,/home/poseidon/pegasus-5.1.0panorama/bin/pegasus-transfer,-n pegasus::transfer -N null -i - -R local  -L xgboost_hp_tuning_group_0 -T 2023-02-20T16:51:15+00:00 /home/poseidon/pegasus-5.1.0panorama/bin/../bin/pegasus-transfer  --threads 2,0.6,0,0
stage_in_local_condorpool_0_2_pegasus-plan_ID0000012,None,transfer,0,1676911900.0,,,1676911905.0,1676911911.0,1676911918.0,1676911911.0,1676911925.0,,,1676911925.0,1676911930.0,5.0,,6.0,14.0,5.0,7.0,735985664.0,,,poseidon,local,host-10-100-100-12.openstacklocal,pegasus::transfer,/home/poseidon/pegasus-5.1.0panorama/bin/pegasus-transfer,-n pegasus::transfer -N null -i - -R local  -L xgboost_hp_tuning_group_0 -T 2023-02-20T16:51:15+00:00 /home/poseidon/pegasus-5.1.0panorama/bin/../bin/pegasus-transfer  --threads 2,3.6,0,0
stage_in_local_condorpool_1_0_pegasus-plan_ID0000012,None,transfer,0,1676911900.0,,,1676911905.0,1676911911.0,1676911915.0,1676911911.0,1676911920.0,,,1676911920.0,1676911925.0,5.0,,6.0,9.0,5.0,4.0,2874.0,,,poseidon,local,host-10-100-100-12.openstacklocal,pegasus::transfer,/home/poseidon/pegasus-5.1.0panorama/bin/pegasus-transfer,-n pegasus::transfer -N null -i - -R local  -L xgboost_hp_tuning_group_0 -T 2023-02-20T16:51:15+00:00 /home/poseidon/pegasus-5.1.0panorama/bin/../bin/pegasus-transfer  --threads 2,0.5,0,0
xgboost_hp_tuning_ID0000017_pegasus-plan_ID0000016,None,compute,0,1676911924.0,,,1676911929.0,1676911913.0,1676911929.0,1676911951.0,1676911989.0,1676911939.0,1676911943.0,1676911989.0,1676911994.0,5.0,,22.0,38.0,5.0,16.0,377646203.0,4.0,1057.0,poseidon,condorpool,poseidon-worker-1-container-40-47,xgboost_hp_tuning,/srv/xgboost_hp_tuning,,15.1,0,0
xgboost_hp_tuning_ID0000001_pegasus-plan_ID0000016,None,compute,0,1676911924.0,,,1676911929.0,1676911952.0,1676911968.0,1676911990.0,1676912029.0,1676911978.0,1676911983.0,1676912029.0,1676912034.0,5.0,,61.0,39.0,5.0,16.0,377646203.0,5.0,1063.0,poseidon,condorpool,poseidon-worker-3-container-16-23,xgboost_hp_tuning,/srv/xgboost_hp_tuning,,17.4,0,0
xgboost_hp_tuning_ID0000012_pegasus-plan_ID0000016,None,compute,0,1676911924.0,,,1676911929.0,1676911952.0,1676911968.0,1676911990.0,1676912029.0,1676911979.0,1676911983.0,1676912029.0,1676912034.0,5.0,,61.0,39.0,5.0,16.0,377646203.0,4.0,1049.0,poseidon,condorpool,poseidon-worker-3-container-24-31,xgboost_hp_tuning,/srv/xgboost_hp_tuning,,19.6,0,0
xgboost_hp_tuning_ID0000023_pegasus-plan_ID0000016,None,compute,0,1676911924.0,,,1676911929.0,1676911952.0,1676911968.0,1676911990.0,1676912029.0,1676911978.0,1676911982.0,1676912029.0,1676912034.0,5.0,,61.0,39.0,5.0,16.0,377646203.0,4.0,1089.0,poseidon,condorpool,poseidon-worker-3-container-0-7,xgboost_hp_tuning,/srv/xgboost_hp_tuning,,15.6,0,0
xgboost_hp_tuning_ID0000002_pegasus-plan_ID0000016,None,compute,0,1676911924.0,,,1676911929.0,1676911952.0,1676911968.0,1676911990.0,1676912029.0,1676911978.0,1676911982.0,1676912029.0,1676912034.0,5.0,,61.0,39.0,5.0,16.0,377646203.0,4.0,1062.0,poseidon,condorpool,poseidon-worker-3-container-40-47,xgboost_hp_tuning,/srv/xgboost_hp_tuning,,14.5,0,0
xgboost_hp_tuning_ID0000014_pegasus-plan_ID0000016,None,compute,0,1676911924.0,,,1676911929.0,1676911913.0,1676911929.0,1676911951.0,1676911994.0,1676911939.0,1676911944.0,1676911994.0,1676911999.0,5.0,,22.0,43.0,5.0,16.0,377646203.0,5.0,1052.0,poseidon,condorpool,poseidon-worker-1-container-8-15,xgboost_hp_tuning,/srv/xgboost_hp_tuning,,16.4,0,0
xgboost_hp_tuning_ID0000003_pegasus-plan_ID0000016,None,compute,0,1676911924.0,,,1676911929.0,1676911913.0,1676911929.0,1676911951.0,1676911994.0,1676911939.0,1676911944.0,1676911994.0,1676911999.0,5.0,,22.0,43.0,5.0,16.0,377646203.0,5.0,1066.0,poseidon,condorpool,poseidon-worker-2-container-8-15,xgboost_hp_tuning,/srv/xgboost_hp_tuning,,15.4,0,0
xgboost_hp_tuning_ID0000015_pegasus-plan_ID0000016,None,compute,0,1676911924.0,,,1676911929.0,1676911913.0,1676911929.0,1676911951.0,1676911994.0,1676911939.0,1676911944.0,1676911994.0,1676911999.0,5.0,,22.0,43.0,5.0,16.0,377646203.0,5.0,1056.0,poseidon,condorpool,poseidon-worker-1-container-16-23,xgboost_hp_tuning,/srv/xgboost_hp_tuning,,15.7,0,0
xgboost_hp_tuning_ID0000004_pegasus-plan_ID0000016,None,compute,0,1676911924.0,,,1676911929.0,1676911913.0,1676911929.0,1676911951.0,1676911989.0,1676911939.0,1676911943.0,1676911989.0,1676911994.0,5.0,,22.0,38.0,5.0,16.0,377646203.0,4.0,1062.0,poseidon,condorpool,poseidon-worker-3-container-0-7,xgboost_hp_tuning,/srv/xgboost_hp_tuning,,17.1,0,0
xgboost_hp_tuning_ID0000016_pegasus-plan_ID0000016,None,compute,0,1676911924.0,,,1676911929.0,1676911913.0,1676911929.0,1676911951.0,1676911989.0,1676911939.0,1676911943.0,1676911989.0,1676911994.0,5.0,,22.0,38.0,5.0,16.0,377646203.0,4.0,1053.0,poseidon,condorpool,poseidon-worker-1-container-24-31,xgboost_hp_tuning,/srv/xgboost_hp_tuning,,15.2,0,0
xgboost_hp_tuning_ID0000005_pegasus-plan_ID0000016,None,compute,0,1676911924.0,,,1676911929.0,1676911913.0,1676911929.0,1676911951.0,1676911994.0,1676911939.0,1676911944.0,1676911994.0,1676911999.0,5.0,,22.0,43.0,5.0,16.0,377646203.0,5.0,1078.0,poseidon,condorpool,poseidon-worker-2-container-24-31,xgboost_hp_tuning,/srv/xgboost_hp_tuning,,15.4,0,0
xgboost_hp_tuning_ID0000013_pegasus-plan_ID0000016,None,compute,0,1676911924.0,,,1676911929.0,1676911952.0,1676911969.0,1676911990.0,1676912029.0,1676911979.0,1676911983.0,1676912029.0,1676912034.0,5.0,,61.0,39.0,5.0,17.0,377646203.0,4.0,1054.0,poseidon,condorpool,poseidon-worker-1-container-32-39,xgboost_hp_tuning,/srv/xgboost_hp_tuning,,15.1,0,0
xgboost_hp_tuning_ID0000006_pegasus-plan_ID0000016,None,compute,0,1676911924.0,,,1676911929.0,1676911913.0,1676911929.0,1676911951.0,1676911989.0,1676911939.0,1676911943.0,1676911989.0,1676911994.0,5.0,,22.0,38.0,5.0,16.0,377646203.0,4.0,1065.0,poseidon,condorpool,poseidon-worker-3-container-24-31,xgboost_hp_tuning,/srv/xgboost_hp_tuning,,14.1,0,0
xgboost_hp_tuning_ID0000010_pegasus-plan_ID0000016,None,compute,0,1676911924.0,,,1676911929.0,1676911913.0,1676911929.0,1676911951.0,1676911994.0,1676911939.0,1676911944.0,1676911994.0,1676911999.0,5.0,,22.0,43.0,5.0,16.0,377646203.0,5.0,1049.0,poseidon,condorpool,poseidon-worker-2-container-0-7,xgboost_hp_tuning,/srv/xgboost_hp_tuning,,15.4,0,0
xgboost_hp_tuning_ID0000007_pegasus-plan_ID0000016,None,compute,0,1676911924.0,,,1676911929.0,1676911913.0,1676911929.0,1676911951.0,1676911989.0,1676911939.0,1676911943.0,1676911989.0,1676911994.0,5.0,,22.0,38.0,5.0,16.0,377646203.0,4.0,1064.0,poseidon,condorpool,poseidon-worker-3-container-16-23,xgboost_hp_tuning,/srv/xgboost_hp_tuning,,14.9,0,0
xgboost_hp_tuning_ID0000019_pegasus-plan_ID0000016,None,compute,0,1676911924.0,,,1676911929.0,1676911913.0,1676911929.0,1676911951.0,1676911989.0,1676911939.0,1676911943.0,1676911989.0,1676911994.0,5.0,,22.0,38.0,5.0,16.0,377646203.0,4.0,1060.0,poseidon,condorpool,poseidon-worker-3-container-8-15,xgboost_hp_tuning,/srv/xgboost_hp_tuning,,15.6,0,0
xgboost_hp_tuning_ID0000008_pegasus-plan_ID0000016,None,compute,0,1676911924.0,,,1676911929.0,1676911913.0,1676911929.0,1676911951.0,1676911994.0,1676911939.0,1676911944.0,1676911994.0,1676911999.0,5.0,,22.0,43.0,5.0,16.0,377646203.0,5.0,1059.0,poseidon,condorpool,poseidon-worker-2-container-32-39,xgboost_hp_tuning,/srv/xgboost_hp_tuning,,15.4,0,0
xgboost_hp_tuning_ID0000020_pegasus-plan_ID0000016,None,compute,0,1676911924.0,,,1676911929.0,1676911913.0,1676911929.0,1676911951.0,1676911989.0,1676911939.0,1676911943.0,1676911989.0,1676911994.0,5.0,,22.0,38.0,5.0,16.0,377646203.0,4.0,1063.0,poseidon,condorpool,poseidon-worker-3-container-40-47,xgboost_hp_tuning,/srv/xgboost_hp_tuning,,15.5,0,0
xgboost_hp_tuning_ID0000021_pegasus-plan_ID0000016,None,compute,0,1676911924.0,,,1676911929.0,1676911913.0,1676911929.0,1676911951.0,1676911989.0,1676911939.0,1676911943.0,1676911989.0,1676911994.0,5.0,,22.0,38.0,5.0,16.0,377646203.0,4.0,1062.0,poseidon,condorpool,poseidon-worker-3-container-32-39,xgboost_hp_tuning,/srv/xgboost_hp_tuning,,18.7,0,0
xgboost_hp_tuning_ID0000022_pegasus-plan_ID0000016,None,compute,0,1676911924.0,,,1676911929.0,1676911913.0,1676911929.0,1676911951.0,1676911994.0,1676911939.0,1676911944.0,1676911994.0,1676911999.0,5.0,,22.0,43.0,5.0,16.0,377646203.0,5.0,1064.0,poseidon,condorpool,poseidon-worker-1-container-0-7,xgboost_hp_tuning,/srv/xgboost_hp_tuning,,16.8,0,0
xgboost_hp_tuning_ID0000011_pegasus-plan_ID0000016,None,compute,0,1676911924.0,,,1676911929.0,1676911913.0,1676911929.0,1676911951.0,1676911994.0,1676911939.0,1676911944.0,1676911994.0,1676911999.0,5.0,,22.0,43.0,5.0,16.0,377646203.0,5.0,1049.0,poseidon,condorpool,poseidon-worker-2-container-16-23,xgboost_hp_tuning,/srv/xgboost_hp_tuning,,16.5,0,0
xgboost_hp_tuning_ID0000009_pegasus-plan_ID0000016,None,compute,0,1676911924.0,,,1676911929.0,1676911913.0,1676911929.0,1676911951.0,1676911989.0,1676911939.0,1676911943.0,1676911989.0,1676911994.0,5.0,,22.0,38.0,5.0,16.0,377646203.0,4.0,1059.0,poseidon,condorpool,poseidon-worker-1-container-32-39,xgboost_hp_tuning,/srv/xgboost_hp_tuning,,14.6,0,0
xgboost_hp_tuning_ID0000018_pegasus-plan_ID0000016,None,compute,0,1676911924.0,,,1676911929.0,1676911913.0,1676911929.0,1676911951.0,1676911994.0,1676911939.0,1676911944.0,1676911994.0,1676911999.0,5.0,,22.0,43.0,5.0,16.0,377646203.0,5.0,1055.0,poseidon,condorpool,poseidon-worker-2-container-40-47,xgboost_hp_tuning,/srv/xgboost_hp_tuning,,16.4,0,0
xgboost_hp_tuning_ID0000006_pegasus-plan_ID0000012,None,compute,0,1676911930.0,,,1676911935.0,1676911953.0,1676911971.0,1676911991.0,1676912055.0,1676912002.0,1676912007.0,1676912055.0,1676912060.0,5.0,,56.0,64.0,5.0,18.0,502672266.0,5.0,1065.0,poseidon,condorpool,poseidon-worker-2-container-24-31,xgboost_hp_tuning,/srv/xgboost_hp_tuning,,149.2,0,0
xgboost_hp_tuning_ID0000018_pegasus-plan_ID0000012,None,compute,0,1676911930.0,,,1676911935.0,1676911953.0,1676911971.0,1676911991.0,1676912055.0,1676912004.0,1676912008.0,1676912055.0,1676912060.0,5.0,,56.0,64.0,5.0,18.0,502672266.0,4.0,1053.0,poseidon,condorpool,poseidon-worker-2-container-8-15,xgboost_hp_tuning,/srv/xgboost_hp_tuning,,147.9,0,0
xgboost_hp_tuning_ID0000007_pegasus-plan_ID0000012,None,compute,0,1676911930.0,,,1676911935.0,1676911953.0,1676911971.0,1676911991.0,1676912065.0,1676912011.0,1676912015.0,1676912065.0,1676912070.0,5.0,,56.0,74.0,5.0,18.0,502672266.0,4.0,1067.0,poseidon,condorpool,poseidon-worker-2-container-40-47,xgboost_hp_tuning,/srv/xgboost_hp_tuning,,187.4,0,0
xgboost_hp_tuning_ID0000021_pegasus-plan_ID0000012,None,compute,0,1676911930.0,,,1676911935.0,1676911953.0,1676911970.0,1676911991.0,1676912055.0,1676912003.0,1676912008.0,1676912055.0,1676912060.0,5.0,,56.0,64.0,5.0,17.0,502672266.0,5.0,1064.0,poseidon,condorpool,poseidon-worker-1-container-16-23,xgboost_hp_tuning,/srv/xgboost_hp_tuning,,144.0,0,0
xgboost_hp_tuning_ID0000008_pegasus-plan_ID0000012,None,compute,0,1676911930.0,,,1676911935.0,1676911953.0,1676911970.0,1676911991.0,1676912045.0,1676911995.0,1676911999.0,1676912045.0,1676912050.0,5.0,,56.0,54.0,5.0,17.0,502672266.0,4.0,1059.0,poseidon,condorpool,poseidon-worker-2-container-32-39,xgboost_hp_tuning,/srv/xgboost_hp_tuning,,90.1,0,0
xgboost_hp_tuning_ID0000020_pegasus-plan_ID0000012,None,compute,0,1676911930.0,,,1676911935.0,1676911953.0,1676911970.0,1676911991.0,1676912050.0,1676911998.0,1676912002.0,1676912050.0,1676912055.0,5.0,,56.0,59.0,5.0,17.0,502672266.0,4.0,1063.0,poseidon,condorpool,poseidon-worker-1-container-0-7,xgboost_hp_tuning,/srv/xgboost_hp_tuning,,108.4,0,0
xgboost_hp_tuning_ID0000017_pegasus-plan_ID0000012,None,compute,0,1676911930.0,,,1676911935.0,1676911953.0,1676911971.0,1676911991.0,1676912055.0,1676912004.0,1676912009.0,1676912055.0,1676912060.0,5.0,,56.0,64.0,5.0,18.0,502672266.0,5.0,1054.0,poseidon,condorpool,poseidon-worker-2-container-16-23,xgboost_hp_tuning,/srv/xgboost_hp_tuning,,142.6,0,0
xgboost_hp_tuning_ID0000019_pegasus-plan_ID0000012,None,compute,0,1676911930.0,,,1676911935.0,1676911953.0,1676911970.0,1676911991.0,1676912050.0,1676911997.0,1676912001.0,1676912050.0,1676912055.0,5.0,,56.0,59.0,5.0,17.0,502672266.0,4.0,1059.0,poseidon,condorpool,poseidon-worker-1-container-8-15,xgboost_hp_tuning,/srv/xgboost_hp_tuning,,109.5,0,0
xgboost_hp_tuning_ID0000005_pegasus-plan_ID0000012,None,compute,0,1676911930.0,,,1676911935.0,1676911953.0,1676911971.0,1676911991.0,1676912070.0,1676912015.0,1676912020.0,1676912070.0,1676912075.0,5.0,,56.0,79.0,5.0,18.0,502672266.0,5.0,1078.0,poseidon,condorpool,poseidon-worker-2-container-0-7,xgboost_hp_tuning,/srv/xgboost_hp_tuning,,224.7,0,0
xgboost_hp_tuning_ID0000003_pegasus-plan_ID0000012,None,compute,0,1676911930.0,,,1676911935.0,1676911992.0,1676912009.0,1676912030.0,1676912090.0,1676912039.0,1676912043.0,1676912090.0,1676912095.0,5.0,,95.0,60.0,5.0,17.0,502672266.0,4.0,1067.0,poseidon,condorpool,poseidon-worker-3-container-24-31,xgboost_hp_tuning,/srv/xgboost_hp_tuning,,128.5,0,0
xgboost_hp_tuning_ID0000004_pegasus-plan_ID0000012,None,compute,0,1676911930.0,,,1676911935.0,1676911991.0,1676912009.0,1676912029.0,1676912090.0,1676912038.0,1676912043.0,1676912090.0,1676912095.0,5.0,,94.0,61.0,5.0,18.0,502672266.0,5.0,1063.0,poseidon,condorpool,poseidon-worker-3-container-0-7,xgboost_hp_tuning,/srv/xgboost_hp_tuning,,130.0,0,0
xgboost_hp_tuning_ID0000015_pegasus-plan_ID0000012,None,compute,0,1676911930.0,,,1676911935.0,1676911991.0,1676912009.0,1676912029.0,1676912090.0,1676912039.0,1676912043.0,1676912090.0,1676912095.0,5.0,,94.0,61.0,5.0,18.0,502672266.0,4.0,1055.0,poseidon,condorpool,poseidon-worker-3-container-16-23,xgboost_hp_tuning,/srv/xgboost_hp_tuning,,128.2,0,0
xgboost_hp_tuning_ID0000014_pegasus-plan_ID0000012,None,compute,0,1676911930.0,,,1676911935.0,1676911992.0,1676912010.0,1676912030.0,1676912090.0,1676912035.0,1676912040.0,1676912090.0,1676912095.0,5.0,,95.0,60.0,5.0,18.0,502672266.0,5.0,1054.0,poseidon,condorpool,poseidon-worker-1-container-32-39,xgboost_hp_tuning,/srv/xgboost_hp_tuning,,106.5,0,0
xgboost_hp_tuning_ID0000002_pegasus-plan_ID0000012,None,compute,0,1676911930.0,,,1676911935.0,1676912008.0,1676912026.0,1676912046.0,1676912110.0,1676912058.0,1676912063.0,1676912110.0,1676912115.0,5.0,,111.0,64.0,5.0,18.0,502672266.0,5.0,1062.0,poseidon,condorpool,poseidon-worker-2-container-32-39,xgboost_hp_tuning,/srv/xgboost_hp_tuning,,141.7,0,0
xgboost_hp_tuning_ID0000013_pegasus-plan_ID0000012,None,compute,0,1676911930.0,,,1676911935.0,1676912010.0,1676912027.0,1676912047.0,1676912105.0,1676912054.0,1676912058.0,1676912105.0,1676912110.0,5.0,,112.0,58.0,5.0,17.0,502672266.0,4.0,1053.0,poseidon,condorpool,poseidon-worker-1-container-40-47,xgboost_hp_tuning,/srv/xgboost_hp_tuning,,108.9,0,0
xgboost_hp_tuning_ID0000001_pegasus-plan_ID0000012,None,compute,0,1676911930.0,,,1676911935.0,1676912010.0,1676912028.0,1676912048.0,1676912110.0,1676912058.0,1676912062.0,1676912110.0,1676912115.0,5.0,,113.0,62.0,5.0,18.0,502672266.0,4.0,1064.0,poseidon,condorpool,poseidon-worker-1-container-8-15,xgboost_hp_tuning,/srv/xgboost_hp_tuning,,124.7,0,0
xgboost_hp_tuning_ID0000012_pegasus-plan_ID0000012,None,compute,0,1676911930.0,,,1676911935.0,1676912011.0,1676912028.0,1676912049.0,1676912105.0,1676912054.0,1676912058.0,1676912105.0,1676912110.0,5.0,,114.0,56.0,5.0,17.0,502672266.0,4.0,1048.0,poseidon,condorpool,poseidon-worker-1-container-0-7,xgboost_hp_tuning,/srv/xgboost_hp_tuning,,99.9,0,0
xgboost_hp_tuning_ID0000023_pegasus-plan_ID0000012,None,compute,0,1676911930.0,,,1676911935.0,1676912013.0,1676912030.0,1676912051.0,1676912110.0,1676912056.0,1676912060.0,1676912110.0,1676912115.0,5.0,,116.0,59.0,5.0,17.0,502672266.0,4.0,1090.0,poseidon,condorpool,poseidon-worker-3-container-8-15,xgboost_hp_tuning,/srv/xgboost_hp_tuning,,101.6,0,0
xgboost_hp_tuning_ID0000016_pegasus-plan_ID0000012,None,compute,0,1676911930.0,,,1676911935.0,1676911991.0,1676912008.0,1676912029.0,1676912090.0,1676912036.0,1676912040.0,1676912090.0,1676912095.0,5.0,,94.0,61.0,5.0,17.0,502672266.0,4.0,1053.0,poseidon,condorpool,poseidon-worker-3-container-40-47,xgboost_hp_tuning,/srv/xgboost_hp_tuning,,115.6,0,0
xgboost_hp_tuning_ID0000010_pegasus-plan_ID0000012,None,compute,0,1676911930.0,,,1676911935.0,1676911953.0,1676911970.0,1676911990.0,1676912050.0,1676911996.0,1676912000.0,1676912050.0,1676912055.0,5.0,,55.0,60.0,5.0,17.0,502672266.0,4.0,1050.0,poseidon,condorpool,poseidon-worker-1-container-40-47,xgboost_hp_tuning,/srv/xgboost_hp_tuning,,101.8,0,0
xgboost_hp_tuning_ID0000011_pegasus-plan_ID0000012,None,compute,0,1676911930.0,,,1676911935.0,1676911952.0,1676911970.0,1676911990.0,1676912045.0,1676911994.0,1676911998.0,1676912045.0,1676912050.0,5.0,,55.0,55.0,5.0,18.0,502672266.0,4.0,1051.0,poseidon,condorpool,poseidon-worker-3-container-32-39,xgboost_hp_tuning,/srv/xgboost_hp_tuning,,89.7,0,0
xgboost_hp_tuning_ID0000009_pegasus-plan_ID0000012,None,compute,0,1676911930.0,,,1676911935.0,1676911952.0,1676911970.0,1676911990.0,1676912050.0,1676912000.0,1676912004.0,1676912050.0,1676912055.0,5.0,,55.0,60.0,5.0,18.0,502672266.0,4.0,1057.0,poseidon,condorpool,poseidon-worker-3-container-8-15,xgboost_hp_tuning,/srv/xgboost_hp_tuning,,137.3,0,0
xgboost_hp_tuning_ID0000022_pegasus-plan_ID0000012,None,compute,0,1676911930.0,,,1676911935.0,1676911953.0,1676911970.0,1676911990.0,1676912055.0,1676912003.0,1676912007.0,1676912055.0,1676912060.0,5.0,,55.0,65.0,5.0,17.0,502672266.0,4.0,1061.0,poseidon,condorpool,poseidon-worker-1-container-24-31,xgboost_hp_tuning,/srv/xgboost_hp_tuning,,138.4,0,0
xgboost_hp_tuning_ID0000001_pegasus-plan_ID0000020,None,compute,0,1676911934.0,,,1676911939.0,1676912419.0,1676912450.0,1676912457.0,1676912826.0,1676912774.0,1676912778.0,1676912826.0,1676912831.0,5.0,,518.0,369.0,5.0,31.0,1691153157.0,4.0,1064.0,poseidon,condorpool,poseidon-worker-2-container-24-31,xgboost_hp_tuning,/srv/xgboost_hp_tuning,,1794.5,0,0
xgboost_hp_tuning_ID0000013_pegasus-plan_ID0000020,None,compute,0,1676911934.0,,,1676911939.0,1676912418.0,1676912449.0,1676912456.0,1676912836.0,1676912785.0,1676912790.0,1676912836.0,1676912841.0,5.0,,517.0,380.0,5.0,31.0,1691153157.0,5.0,1053.0,poseidon,condorpool,poseidon-worker-2-container-40-47,xgboost_hp_tuning,/srv/xgboost_hp_tuning,,1803.4,0,0
xgboost_hp_tuning_ID0000002_pegasus-plan_ID0000020,None,compute,0,1676911934.0,,,1676911939.0,1676912417.0,1676912449.0,1676912455.0,1676912846.0,1676912793.0,1676912798.0,1676912846.0,1676912851.0,5.0,,516.0,391.0,5.0,32.0,1691153157.0,5.0,1061.0,poseidon,condorpool,poseidon-worker-2-container-8-15,xgboost_hp_tuning,/srv/xgboost_hp_tuning,,1950.5,0,0
xgboost_hp_tuning_ID0000009_pegasus-plan_ID0000020,None,compute,0,1676911934.0,,,1676911939.0,1676912016.0,1676912047.0,1676912054.0,1676912460.0,1676912405.0,1676912410.0,1676912460.0,1676912465.0,5.0,,115.0,406.0,5.0,31.0,1691153157.0,5.0,1059.0,poseidon,condorpool,poseidon-worker-2-container-24-31,xgboost_hp_tuning,/srv/xgboost_hp_tuning,,1953.4,0,0
xgboost_hp_tuning_ID0000023_pegasus-plan_ID0000020,None,compute,0,1676911934.0,,,1676911939.0,1676912421.0,1676912453.0,1676912459.0,1676912811.0,1676912760.0,1676912765.0,1676912811.0,1676912816.0,5.0,,520.0,352.0,5.0,32.0,1691153157.0,5.0,1090.0,poseidon,condorpool,poseidon-worker-1-container-32-39,xgboost_hp_tuning,/srv/xgboost_hp_tuning,,1694.5,0,0
xgboost_hp_tuning_ID0000006_pegasus-plan_ID0000020,None,compute,0,1676911934.0,,,1676911939.0,1676912052.0,1676912083.0,1676912090.0,1676912521.0,1676912471.0,1676912475.0,1676912521.0,1676912526.0,5.0,,151.0,431.0,5.0,31.0,1691153157.0,4.0,1067.0,poseidon,condorpool,poseidon-worker-3-container-0-7,xgboost_hp_tuning,/srv/xgboost_hp_tuning,,2097.4,0,0
xgboost_hp_tuning_ID0000017_pegasus-plan_ID0000020,None,compute,0,1676911934.0,,,1676911939.0,1676912052.0,1676912084.0,1676912090.0,1676912470.0,1676912418.0,1676912422.0,1676912470.0,1676912476.0,5.0,,151.0,380.0,6.0,32.0,1691153157.0,4.0,1055.0,poseidon,condorpool,poseidon-worker-3-container-16-23,xgboost_hp_tuning,/srv/xgboost_hp_tuning,,1777.7,0,0
xgboost_hp_tuning_ID0000005_pegasus-plan_ID0000020,None,compute,0,1676911934.0,,,1676911939.0,1676912052.0,1676912083.0,1676912090.0,1676912511.0,1676912460.0,1676912464.0,1676912511.0,1676912516.0,5.0,,151.0,421.0,5.0,31.0,1691153157.0,4.0,1078.0,poseidon,condorpool,poseidon-worker-3-container-24-31,xgboost_hp_tuning,/srv/xgboost_hp_tuning,,2056.3,0,0
xgboost_hp_tuning_ID0000018_pegasus-plan_ID0000020,None,compute,0,1676911934.0,,,1676911939.0,1676912049.0,1676912080.0,1676912087.0,1676912496.0,1676912445.0,1676912449.0,1676912496.0,1676912501.0,5.0,,148.0,409.0,5.0,31.0,1691153157.0,4.0,1055.0,poseidon,condorpool,poseidon-worker-3-container-40-47,xgboost_hp_tuning,/srv/xgboost_hp_tuning,,1971.9,0,0
xgboost_hp_tuning_ID0000012_pegasus-plan_ID0000020,None,compute,0,1676911934.0,,,1676911939.0,1676912419.0,1676912451.0,1676912457.0,1676912821.0,1676912768.0,1676912772.0,1676912821.0,1676912826.0,5.0,,518.0,364.0,5.0,32.0,1691153157.0,4.0,1049.0,poseidon,condorpool,poseidon-worker-2-container-0-7,xgboost_hp_tuning,/srv/xgboost_hp_tuning,,1693.4,0,0
xgboost_hp_tuning_ID0000019_pegasus-plan_ID0000020,None,compute,0,1676911934.0,,,1676911939.0,1676912044.0,1676912075.0,1676912082.0,1676912611.0,1676912560.0,1676912564.0,1676912611.0,1676912616.0,5.0,,143.0,529.0,5.0,31.0,1691153157.0,4.0,1060.0,poseidon,condorpool,poseidon-worker-3-container-32-39,xgboost_hp_tuning,/srv/xgboost_hp_tuning,,2789.3,0,0
xgboost_hp_tuning_ID0000020_pegasus-plan_ID0000020,None,compute,0,1676911934.0,,,1676911939.0,1676912024.0,1676912056.0,1676912062.0,1676912455.0,1676912404.0,1676912409.0,1676912455.0,1676912460.0,5.0,,123.0,393.0,5.0,32.0,1691153157.0,5.0,1062.0,poseidon,condorpool,poseidon-worker-2-container-40-47,xgboost_hp_tuning,/srv/xgboost_hp_tuning,,1897.0,0,0
xgboost_hp_tuning_ID0000021_pegasus-plan_ID0000020,None,compute,0,1676911934.0,,,1676911939.0,1676912018.0,1676912049.0,1676912056.0,1676912531.0,1676912478.0,1676912482.0,1676912531.0,1676912536.0,5.0,,117.0,475.0,5.0,31.0,1691153157.0,4.0,1062.0,poseidon,condorpool,poseidon-worker-2-container-16-23,xgboost_hp_tuning,/srv/xgboost_hp_tuning,,2456.3,0,0
xgboost_hp_tuning_ID0000010_pegasus-plan_ID0000020,None,compute,0,1676911934.0,,,1676911939.0,1676912017.0,1676912049.0,1676912055.0,1676912455.0,1676912404.0,1676912408.0,1676912455.0,1676912460.0,5.0,,116.0,400.0,5.0,32.0,1691153157.0,4.0,1050.0,poseidon,condorpool,poseidon-worker-2-container-8-15,xgboost_hp_tuning,/srv/xgboost_hp_tuning,,1963.2,0,0
xgboost_hp_tuning_ID0000022_pegasus-plan_ID0000020,None,compute,0,1676911934.0,,,1676911939.0,1676912017.0,1676912048.0,1676912055.0,1676912430.0,1676912376.0,1676912380.0,1676912430.0,1676912435.0,5.0,,116.0,375.0,5.0,31.0,1691153157.0,4.0,1058.0,poseidon,condorpool,poseidon-worker-1-container-16-23,xgboost_hp_tuning,/srv/xgboost_hp_tuning,,1760.8,0,0
xgboost_hp_tuning_ID0000011_pegasus-plan_ID0000020,None,compute,0,1676911934.0,,,1676911939.0,1676912016.0,1676912048.0,1676912054.0,1676912445.0,1676912390.0,1676912394.0,1676912445.0,1676912450.0,5.0,,115.0,391.0,5.0,32.0,1691153157.0,4.0,1051.0,poseidon,condorpool,poseidon-worker-1-container-24-31,xgboost_hp_tuning,/srv/xgboost_hp_tuning,,1831.3,0,0
xgboost_hp_tuning_ID0000016_pegasus-plan_ID0000020,None,compute,0,1676911934.0,,,1676911939.0,1676912067.0,1676912098.0,1676912105.0,1676912511.0,1676912460.0,1676912464.0,1676912511.0,1676912516.0,5.0,,166.0,406.0,5.0,31.0,1691153157.0,4.0,1054.0,poseidon,condorpool,poseidon-worker-1-container-40-47,xgboost_hp_tuning,/srv/xgboost_hp_tuning,,2010.3,0,0
xgboost_hp_tuning_ID0000004_pegasus-plan_ID0000020,None,compute,0,1676911934.0,,,1676911939.0,1676912067.0,1676912099.0,1676912105.0,1676912496.0,1676912442.0,1676912446.0,1676912496.0,1676912501.0,5.0,,166.0,391.0,5.0,32.0,1691153157.0,4.0,1063.0,poseidon,condorpool,poseidon-worker-1-container-0-7,xgboost_hp_tuning,/srv/xgboost_hp_tuning,,1886.4,0,0
xgboost_hp_tuning_ID0000015_pegasus-plan_ID0000020,None,compute,0,1676911934.0,,,1676911939.0,1676912069.0,1676912100.0,1676912107.0,1676912471.0,1676912419.0,1676912423.0,1676912471.0,1676912476.0,5.0,,168.0,364.0,5.0,31.0,1691153157.0,4.0,1051.0,poseidon,condorpool,poseidon-worker-3-container-8-15,xgboost_hp_tuning,/srv/xgboost_hp_tuning,,1730.0,0,0
xgboost_hp_tuning_ID0000003_pegasus-plan_ID0000020,None,compute,0,1676911934.0,,,1676911939.0,1676912071.0,1676912103.0,1676912109.0,1676912501.0,1676912448.0,1676912453.0,1676912501.0,1676912506.0,5.0,,170.0,392.0,5.0,32.0,1691153157.0,5.0,1067.0,poseidon,condorpool,poseidon-worker-1-container-8-15,xgboost_hp_tuning,/srv/xgboost_hp_tuning,,1868.1,0,0
xgboost_hp_tuning_ID0000014_pegasus-plan_ID0000020,None,compute,0,1676911934.0,,,1676911939.0,1676912072.0,1676912103.0,1676912110.0,1676912501.0,1676912447.0,1676912451.0,1676912501.0,1676912506.0,5.0,,171.0,391.0,5.0,31.0,1691153157.0,4.0,1054.0,poseidon,condorpool,poseidon-worker-2-container-32-39,xgboost_hp_tuning,/srv/xgboost_hp_tuning,,1880.7,0,0
xgboost_hp_tuning_ID0000008_pegasus-plan_ID0000020,None,compute,0,1676911934.0,,,1676911939.0,1676912029.0,1676912061.0,1676912067.0,1676912460.0,1676912406.0,1676912410.0,1676912460.0,1676912465.0,5.0,,128.0,393.0,5.0,32.0,1691153157.0,4.0,1058.0,poseidon,condorpool,poseidon-worker-2-container-0-7,xgboost_hp_tuning,/srv/xgboost_hp_tuning,,1903.4,0,0
xgboost_hp_tuning_ID0000007_pegasus-plan_ID0000020,None,compute,0,1676911934.0,,,1676911939.0,1676912049.0,1676912080.0,1676912087.0,1676912460.0,1676912408.0,1676912412.0,1676912460.0,1676912465.0,5.0,,148.0,373.0,5.0,31.0,1691153157.0,4.0,1068.0,poseidon,condorpool,poseidon-worker-1-container-32-39,xgboost_hp_tuning,/srv/xgboost_hp_tuning,,1751.7,0,0
stage_out_local_condorpool_0_2_pegasus-plan_ID0000016,None,transfer,0,1676912034.0,,,1676912039.0,,,1676912039.0,1676912049.0,1676912039.0,1676912043.0,1676912049.0,1676912054.0,5.0,,0.0,10.0,5.0,,,4.0,7425.0,poseidon,local,host-10-100-100-12.openstacklocal,pegasus::transfer,/home/poseidon/pegasus-5.1.0panorama/bin/pegasus-transfer,/home/poseidon/pegasus-5.1.0panorama/bin/../bin/pegasus-kickstart  -n pegasus::transfer -N null -i - -R local  -L xgboost_hp_tuning_group_1 -T 2023-02-20T16:51:10+00:00 /home/poseidon/pegasus-5.1.0panorama/bin/../bin/pegasus-transfer  --threads 2,1.0,0,0
stage_out_local_condorpool_0_1_pegasus-plan_ID0000016,None,transfer,0,1676912034.0,,,1676912039.0,,,1676912039.0,1676912049.0,1676912039.0,1676912043.0,1676912049.0,1676912054.0,5.0,,0.0,10.0,5.0,,,4.0,8498.0,poseidon,local,host-10-100-100-12.openstacklocal,pegasus::transfer,/home/poseidon/pegasus-5.1.0panorama/bin/pegasus-transfer,/home/poseidon/pegasus-5.1.0panorama/bin/../bin/pegasus-kickstart  -n pegasus::transfer -N null -i - -R local  -L xgboost_hp_tuning_group_1 -T 2023-02-20T16:51:10+00:00 /home/poseidon/pegasus-5.1.0panorama/bin/../bin/pegasus-transfer  --threads 2,1.1,0,0
xgboost_best_params_ID0000024_pegasus-plan_ID0000016,None,compute,0,1676912034.0,,,1676912039.0,1676912007.0,1676912024.0,1676912045.0,1676912085.0,1676912031.0,1676912035.0,1676912085.0,1676912090.0,5.0,,6.0,40.0,5.0,17.0,368018659.0,4.0,1062.0,poseidon,condorpool,poseidon-worker-3-container-32-39,xgboost_best_params,/srv/xgboost_best_params,,0.0,0,0
stage_out_local_condorpool_0_0_pegasus-plan_ID0000016,None,transfer,0,1676912034.0,,,1676912039.0,,,1676912039.0,1676912049.0,1676912039.0,1676912043.0,1676912049.0,1676912054.0,5.0,,0.0,10.0,5.0,,,4.0,8467.0,poseidon,local,host-10-100-100-12.openstacklocal,pegasus::transfer,/home/poseidon/pegasus-5.1.0panorama/bin/pegasus-transfer,/home/poseidon/pegasus-5.1.0panorama/bin/../bin/pegasus-kickstart  -n pegasus::transfer -N null -i - -R local  -L xgboost_hp_tuning_group_1 -T 2023-02-20T16:51:10+00:00 /home/poseidon/pegasus-5.1.0panorama/bin/../bin/pegasus-transfer  --threads 2,1.1,0,0
register_condorpool_0_2_pegasus-plan_ID0000016,None,auxiliary,0,1676912054.0,,,1676912069.0,,,1676912069.0,1676912074.0,,,1676912074.0,1676912080.0,15.0,,0.0,5.0,6.0,,,,,poseidon,local,host-10-100-100-12.openstacklocal,pegasus::rc-client,/home/poseidon/pegasus-5.1.0panorama/bin/pegasus-rc-client,"-n pegasus::rc-client -N null -R local  -L xgboost_hp_tuning_group_1 -T 2023-02-20T16:51:10+00:00 /home/poseidon/pegasus-5.1.0panorama/bin/pegasus-rc-client --prefix pegasus.catalog.replica.output --conf /home/poseidon/workflows/predict-future-sales-workflow/submit/poseidon/pegasus/predict-future-sales/run0029/00/00/./xgboost_hp_tuning_group_1.000/pegasus.14361931585675561000.properties -v --meta /home/poseidon/workflows/predict-future-sales-workflow/submit/poseidon/pegasus/predict-future-sales/run0029/00/00/./xgboost_hp_tuning_group_1.000/00/00/xgboost_hp_tuning_ID0000014.meta,/home/poseidon/workflows/predict-future-sales-workflow/submit/poseidon/pegasus/predict-future-sales/run0029/00/00/./xgboost_hp_tuning_group_1.000/00/00/xgboost_hp_tuning_ID0000001.meta,/home/poseidon/workflows/predict-future-sales-workflow/submit/poseidon/pegasus/predict-future-sales/run0029/00/00/./xgboost_hp_tuning_group_1.000/00/00/xgboost_hp_tuning_ID0000007.meta,/home/poseidon/workflows/predict-future-sales-workflow/submit/poseidon/pegasus/predict-future-sales/run0029/00/00/./xgboost_hp_tuning_group_1.000/00/00/xgboost_hp_tuning_ID0000004.meta,/home/poseidon/workflows/predict-future-sales-workflow/submit/poseidon/pegasus/predict-future-sales/run0029/00/00/./xgboost_hp_tuning_group_1.000/00/00/xgboost_hp_tuning_ID0000022.meta,/home/poseidon/workflows/predict-future-sales-workflow/submit/poseidon/pegasus/predict-future-sales/run0029/00/00/./xgboost_hp_tuning_group_1.000/00/00/xgboost_hp_tuning_ID0000020.meta,/home/poseidon/workflows/predict-future-sales-workflow/submit/poseidon/pegasus/predict-future-sales/run0029/00/00/./xgboost_hp_tuning_group_1.000/00/00/xgboost_hp_tuning_ID0000017.meta --insert /home/poseidon/workflows/predict-future-sales-workflow/submit/poseidon/pegasus/predict-future-sales/run0029/00/00/./xgboost_hp_tuning_group_1.000/00/00/register_condorpool_0_2.in",3.1,0,0
register_condorpool_0_0_pegasus-plan_ID0000016,None,auxiliary,0,1676912054.0,,,1676912059.0,,,1676912059.0,1676912064.0,,,1676912064.0,1676912069.0,5.0,,0.0,5.0,5.0,,,,,poseidon,local,host-10-100-100-12.openstacklocal,pegasus::rc-client,/home/poseidon/pegasus-5.1.0panorama/bin/pegasus-rc-client,"-n pegasus::rc-client -N null -R local  -L xgboost_hp_tuning_group_1 -T 2023-02-20T16:51:10+00:00 /home/poseidon/pegasus-5.1.0panorama/bin/pegasus-rc-client --prefix pegasus.catalog.replica.output --conf /home/poseidon/workflows/predict-future-sales-workflow/submit/poseidon/pegasus/predict-future-sales/run0029/00/00/./xgboost_hp_tuning_group_1.000/pegasus.14361931585675561000.properties -v --meta /home/poseidon/workflows/predict-future-sales-workflow/submit/poseidon/pegasus/predict-future-sales/run0029/00/00/./xgboost_hp_tuning_group_1.000/00/00/xgboost_hp_tuning_ID0000018.meta,/home/poseidon/workflows/predict-future-sales-workflow/submit/poseidon/pegasus/predict-future-sales/run0029/00/00/./xgboost_hp_tuning_group_1.000/00/00/xgboost_hp_tuning_ID0000009.meta,/home/poseidon/workflows/predict-future-sales-workflow/submit/poseidon/pegasus/predict-future-sales/run0029/00/00/./xgboost_hp_tuning_group_1.000/00/00/xgboost_hp_tuning_ID0000012.meta,/home/poseidon/workflows/predict-future-sales-workflow/submit/poseidon/pegasus/predict-future-sales/run0029/00/00/./xgboost_hp_tuning_group_1.000/00/00/xgboost_hp_tuning_ID0000008.meta,/home/poseidon/workflows/predict-future-sales-workflow/submit/poseidon/pegasus/predict-future-sales/run0029/00/00/./xgboost_hp_tuning_group_1.000/00/00/xgboost_hp_tuning_ID0000010.meta,/home/poseidon/workflows/predict-future-sales-workflow/submit/poseidon/pegasus/predict-future-sales/run0029/00/00/./xgboost_hp_tuning_group_1.000/00/00/xgboost_hp_tuning_ID0000002.meta,/home/poseidon/workflows/predict-future-sales-workflow/submit/poseidon/pegasus/predict-future-sales/run0029/00/00/./xgboost_hp_tuning_group_1.000/00/00/xgboost_hp_tuning_ID0000005.meta,/home/poseidon/workflows/predict-future-sales-workflow/submit/poseidon/pegasus/predict-future-sales/run0029/00/00/./xgboost_hp_tuning_group_1.000/00/00/xgboost_hp_tuning_ID0000015.meta --insert /home/poseidon/workflows/predict-future-sales-workflow/submit/poseidon/pegasus/predict-future-sales/run0029/00/00/./xgboost_hp_tuning_group_1.000/00/00/register_condorpool_0_0.in",3.1,0,0
register_condorpool_0_1_pegasus-plan_ID0000016,None,auxiliary,0,1676912054.0,,,1676912080.0,,,1676912080.0,1676912085.0,,,1676912085.0,1676912090.0,26.0,,0.0,5.0,5.0,,,,,poseidon,local,host-10-100-100-12.openstacklocal,pegasus::rc-client,/home/poseidon/pegasus-5.1.0panorama/bin/pegasus-rc-client,"-n pegasus::rc-client -N null -R local  -L xgboost_hp_tuning_group_1 -T 2023-02-20T16:51:10+00:00 /home/poseidon/pegasus-5.1.0panorama/bin/pegasus-rc-client --prefix pegasus.catalog.replica.output --conf /home/poseidon/workflows/predict-future-sales-workflow/submit/poseidon/pegasus/predict-future-sales/run0029/00/00/./xgboost_hp_tuning_group_1.000/pegasus.14361931585675561000.properties -v --meta /home/poseidon/workflows/predict-future-sales-workflow/submit/poseidon/pegasus/predict-future-sales/run0029/00/00/./xgboost_hp_tuning_group_1.000/00/00/xgboost_hp_tuning_ID0000019.meta,/home/poseidon/workflows/predict-future-sales-workflow/submit/poseidon/pegasus/predict-future-sales/run0029/00/00/./xgboost_hp_tuning_group_1.000/00/00/xgboost_hp_tuning_ID0000003.meta,/home/poseidon/workflows/predict-future-sales-workflow/submit/poseidon/pegasus/predict-future-sales/run0029/00/00/./xgboost_hp_tuning_group_1.000/00/00/xgboost_hp_tuning_ID0000006.meta,/home/poseidon/workflows/predict-future-sales-workflow/submit/poseidon/pegasus/predict-future-sales/run0029/00/00/./xgboost_hp_tuning_group_1.000/00/00/xgboost_hp_tuning_ID0000016.meta,/home/poseidon/workflows/predict-future-sales-workflow/submit/poseidon/pegasus/predict-future-sales/run0029/00/00/./xgboost_hp_tuning_group_1.000/00/00/xgboost_hp_tuning_ID0000013.meta,/home/poseidon/workflows/predict-future-sales-workflow/submit/poseidon/pegasus/predict-future-sales/run0029/00/00/./xgboost_hp_tuning_group_1.000/00/00/xgboost_hp_tuning_ID0000023.meta,/home/poseidon/workflows/predict-future-sales-workflow/submit/poseidon/pegasus/predict-future-sales/run0029/00/00/./xgboost_hp_tuning_group_1.000/00/00/xgboost_hp_tuning_ID0000011.meta,/home/poseidon/workflows/predict-future-sales-workflow/submit/poseidon/pegasus/predict-future-sales/run0029/00/00/./xgboost_hp_tuning_group_1.000/00/00/xgboost_hp_tuning_ID0000021.meta --insert /home/poseidon/workflows/predict-future-sales-workflow/submit/poseidon/pegasus/predict-future-sales/run0029/00/00/./xgboost_hp_tuning_group_1.000/00/00/register_condorpool_0_1.in",3.1,0,0
stage_out_local_condorpool_1_0_pegasus-plan_ID0000016,None,transfer,0,1676912090.0,,,1676912095.0,,,1676912095.0,1676912105.0,1676912095.0,1676912100.0,1676912105.0,1676912110.0,5.0,,0.0,10.0,5.0,,,5.0,5310.0,poseidon,local,host-10-100-100-12.openstacklocal,pegasus::transfer,/home/poseidon/pegasus-5.1.0panorama/bin/pegasus-transfer,/home/poseidon/pegasus-5.1.0panorama/bin/../bin/pegasus-kickstart  -n pegasus::transfer -N null -i - -R local  -L xgboost_hp_tuning_group_1 -T 2023-02-20T16:51:10+00:00 /home/poseidon/pegasus-5.1.0panorama/bin/../bin/pegasus-transfer  --threads 2,0.7,0,0
register_condorpool_1_0_pegasus-plan_ID0000016,None,auxiliary,0,1676912110.0,,,1676912115.0,,,1676912115.0,1676912120.0,,,1676912120.0,1676912125.0,5.0,,0.0,5.0,5.0,,,,,poseidon,local,host-10-100-100-12.openstacklocal,pegasus::rc-client,/home/poseidon/pegasus-5.1.0panorama/bin/pegasus-rc-client,-n pegasus::rc-client -N null -R local  -L xgboost_hp_tuning_group_1 -T 2023-02-20T16:51:10+00:00 /home/poseidon/pegasus-5.1.0panorama/bin/pegasus-rc-client --prefix pegasus.catalog.replica.output --conf /home/poseidon/workflows/predict-future-sales-workflow/submit/poseidon/pegasus/predict-future-sales/run0029/00/00/./xgboost_hp_tuning_group_1.000/pegasus.14361931585675561000.properties -v --meta /home/poseidon/workflows/predict-future-sales-workflow/submit/poseidon/pegasus/predict-future-sales/run0029/00/00/./xgboost_hp_tuning_group_1.000/00/00/xgboost_best_params_ID0000024.meta --insert /home/poseidon/workflows/predict-future-sales-workflow/submit/poseidon/pegasus/predict-future-sales/run0029/00/00/./xgboost_hp_tuning_group_1.000/00/00/register_condorpool_1_0.in,3.2,0,0
stage_out_local_condorpool_0_0_pegasus-plan_ID0000012,None,transfer,0,1676912115.0,,,1676912120.0,,,1676912120.0,1676912130.0,1676912120.0,1676912124.0,1676912130.0,1676912135.0,5.0,,0.0,10.0,5.0,,,4.0,8462.0,poseidon,local,host-10-100-100-12.openstacklocal,pegasus::transfer,/home/poseidon/pegasus-5.1.0panorama/bin/pegasus-transfer,/home/poseidon/pegasus-5.1.0panorama/bin/../bin/pegasus-kickstart  -n pegasus::transfer -N null -i - -R local  -L xgboost_hp_tuning_group_0 -T 2023-02-20T16:51:15+00:00 /home/poseidon/pegasus-5.1.0panorama/bin/../bin/pegasus-transfer  --threads 2,1.1,0,0
stage_out_local_condorpool_0_1_pegasus-plan_ID0000012,None,transfer,0,1676912115.0,,,1676912120.0,,,1676912120.0,1676912130.0,1676912120.0,1676912124.0,1676912130.0,1676912135.0,5.0,,0.0,10.0,5.0,,,4.0,8502.0,poseidon,local,host-10-100-100-12.openstacklocal,pegasus::transfer,/home/poseidon/pegasus-5.1.0panorama/bin/pegasus-transfer,/home/poseidon/pegasus-5.1.0panorama/bin/../bin/pegasus-kickstart  -n pegasus::transfer -N null -i - -R local  -L xgboost_hp_tuning_group_0 -T 2023-02-20T16:51:15+00:00 /home/poseidon/pegasus-5.1.0panorama/bin/../bin/pegasus-transfer  --threads 2,1.1,0,0
xgboost_best_params_ID0000024_pegasus-plan_ID0000012,None,compute,0,1676912115.0,,,1676912120.0,1676912404.0,1676912421.0,1676912441.0,1676912480.0,1676912428.0,1676912432.0,1676912480.0,1676912485.0,5.0,,321.0,39.0,5.0,17.0,368018659.0,4.0,1064.0,poseidon,condorpool,poseidon-worker-1-container-24-31,xgboost_best_params,/srv/xgboost_best_params,,0.1,0,0
stage_out_local_condorpool_0_2_pegasus-plan_ID0000012,None,transfer,0,1676912115.0,,,1676912120.0,,,1676912120.0,1676912130.0,1676912120.0,1676912124.0,1676912130.0,1676912135.0,5.0,,0.0,10.0,5.0,,,4.0,7426.0,poseidon,local,host-10-100-100-12.openstacklocal,pegasus::transfer,/home/poseidon/pegasus-5.1.0panorama/bin/pegasus-transfer,/home/poseidon/pegasus-5.1.0panorama/bin/../bin/pegasus-kickstart  -n pegasus::transfer -N null -i - -R local  -L xgboost_hp_tuning_group_0 -T 2023-02-20T16:51:15+00:00 /home/poseidon/pegasus-5.1.0panorama/bin/../bin/pegasus-transfer  --threads 2,1.0,0,0
xgboost_model_ID0000017,None,compute,0,1676912128.0,,,1676912133.0,1676912390.0,1676912407.0,1676912427.0,1676912468.0,1676912416.0,1676912421.0,1676912468.0,1676912473.0,5.0,,294.0,41.0,5.0,17.0,377645129.0,5.0,740710.0,poseidon,condorpool,poseidon-worker-1-container-16-23,xgboost_model,/srv/xgboost_model,,8.2,0,0
register_condorpool_0_2_pegasus-plan_ID0000012,None,auxiliary,0,1676912135.0,,,1676912140.0,,,1676912140.0,1676912145.0,,,1676912145.0,1676912150.0,5.0,,0.0,5.0,5.0,,,,,poseidon,local,host-10-100-100-12.openstacklocal,pegasus::rc-client,/home/poseidon/pegasus-5.1.0panorama/bin/pegasus-rc-client,"-n pegasus::rc-client -N null -R local  -L xgboost_hp_tuning_group_0 -T 2023-02-20T16:51:15+00:00 /home/poseidon/pegasus-5.1.0panorama/bin/pegasus-rc-client --prefix pegasus.catalog.replica.output --conf /home/poseidon/workflows/predict-future-sales-workflow/submit/poseidon/pegasus/predict-future-sales/run0029/00/00/./xgboost_hp_tuning_group_0.000/pegasus.4892459568729152165.properties -v --meta /home/poseidon/workflows/predict-future-sales-workflow/submit/poseidon/pegasus/predict-future-sales/run0029/00/00/./xgboost_hp_tuning_group_0.000/00/00/xgboost_hp_tuning_ID0000017.meta,/home/poseidon/workflows/predict-future-sales-workflow/submit/poseidon/pegasus/predict-future-sales/run0029/00/00/./xgboost_hp_tuning_group_0.000/00/00/xgboost_hp_tuning_ID0000022.meta,/home/poseidon/workflows/predict-future-sales-workflow/submit/poseidon/pegasus/predict-future-sales/run0029/00/00/./xgboost_hp_tuning_group_0.000/00/00/xgboost_hp_tuning_ID0000007.meta,/home/poseidon/workflows/predict-future-sales-workflow/submit/poseidon/pegasus/predict-future-sales/run0029/00/00/./xgboost_hp_tuning_group_0.000/00/00/xgboost_hp_tuning_ID0000020.meta,/home/poseidon/workflows/predict-future-sales-workflow/submit/poseidon/pegasus/predict-future-sales/run0029/00/00/./xgboost_hp_tuning_group_0.000/00/00/xgboost_hp_tuning_ID0000001.meta,/home/poseidon/workflows/predict-future-sales-workflow/submit/poseidon/pegasus/predict-future-sales/run0029/00/00/./xgboost_hp_tuning_group_0.000/00/00/xgboost_hp_tuning_ID0000004.meta,/home/poseidon/workflows/predict-future-sales-workflow/submit/poseidon/pegasus/predict-future-sales/run0029/00/00/./xgboost_hp_tuning_group_0.000/00/00/xgboost_hp_tuning_ID0000014.meta --insert /home/poseidon/workflows/predict-future-sales-workflow/submit/poseidon/pegasus/predict-future-sales/run0029/00/00/./xgboost_hp_tuning_group_0.000/00/00/register_condorpool_0_2.in",3.0,0,0
register_condorpool_0_0_pegasus-plan_ID0000012,None,auxiliary,0,1676912135.0,,,1676912150.0,,,1676912150.0,1676912155.0,,,1676912155.0,1676912160.0,15.0,,0.0,5.0,5.0,,,,,poseidon,local,host-10-100-100-12.openstacklocal,pegasus::rc-client,/home/poseidon/pegasus-5.1.0panorama/bin/pegasus-rc-client,"-n pegasus::rc-client -N null -R local  -L xgboost_hp_tuning_group_0 -T 2023-02-20T16:51:15+00:00 /home/poseidon/pegasus-5.1.0panorama/bin/pegasus-rc-client --prefix pegasus.catalog.replica.output --conf /home/poseidon/workflows/predict-future-sales-workflow/submit/poseidon/pegasus/predict-future-sales/run0029/00/00/./xgboost_hp_tuning_group_0.000/pegasus.4892459568729152165.properties -v --meta /home/poseidon/workflows/predict-future-sales-workflow/submit/poseidon/pegasus/predict-future-sales/run0029/00/00/./xgboost_hp_tuning_group_0.000/00/00/xgboost_hp_tuning_ID0000018.meta,/home/poseidon/workflows/predict-future-sales-workflow/submit/poseidon/pegasus/predict-future-sales/run0029/00/00/./xgboost_hp_tuning_group_0.000/00/00/xgboost_hp_tuning_ID0000002.meta,/home/poseidon/workflows/predict-future-sales-workflow/submit/poseidon/pegasus/predict-future-sales/run0029/00/00/./xgboost_hp_tuning_group_0.000/00/00/xgboost_hp_tuning_ID0000005.meta,/home/poseidon/workflows/predict-future-sales-workflow/submit/poseidon/pegasus/predict-future-sales/run0029/00/00/./xgboost_hp_tuning_group_0.000/00/00/xgboost_hp_tuning_ID0000009.meta,/home/poseidon/workflows/predict-future-sales-workflow/submit/poseidon/pegasus/predict-future-sales/run0029/00/00/./xgboost_hp_tuning_group_0.000/00/00/xgboost_hp_tuning_ID0000015.meta,/home/poseidon/workflows/predict-future-sales-workflow/submit/poseidon/pegasus/predict-future-sales/run0029/00/00/./xgboost_hp_tuning_group_0.000/00/00/xgboost_hp_tuning_ID0000012.meta,/home/poseidon/workflows/predict-future-sales-workflow/submit/poseidon/pegasus/predict-future-sales/run0029/00/00/./xgboost_hp_tuning_group_0.000/00/00/xgboost_hp_tuning_ID0000010.meta,/home/poseidon/workflows/predict-future-sales-workflow/submit/poseidon/pegasus/predict-future-sales/run0029/00/00/./xgboost_hp_tuning_group_0.000/00/00/xgboost_hp_tuning_ID0000008.meta --insert /home/poseidon/workflows/predict-future-sales-workflow/submit/poseidon/pegasus/predict-future-sales/run0029/00/00/./xgboost_hp_tuning_group_0.000/00/00/register_condorpool_0_0.in",3.1,0,0
register_condorpool_0_1_pegasus-plan_ID0000012,None,auxiliary,0,1676912135.0,,,1676912160.0,,,1676912160.0,1676912165.0,,,1676912165.0,1676912170.0,25.0,,0.0,5.0,5.0,,,,,poseidon,local,host-10-100-100-12.openstacklocal,pegasus::rc-client,/home/poseidon/pegasus-5.1.0panorama/bin/pegasus-rc-client,"-n pegasus::rc-client -N null -R local  -L xgboost_hp_tuning_group_0 -T 2023-02-20T16:51:15+00:00 /home/poseidon/pegasus-5.1.0panorama/bin/pegasus-rc-client --prefix pegasus.catalog.replica.output --conf /home/poseidon/workflows/predict-future-sales-workflow/submit/poseidon/pegasus/predict-future-sales/run0029/00/00/./xgboost_hp_tuning_group_0.000/pegasus.4892459568729152165.properties -v --meta /home/poseidon/workflows/predict-future-sales-workflow/submit/poseidon/pegasus/predict-future-sales/run0029/00/00/./xgboost_hp_tuning_group_0.000/00/00/xgboost_hp_tuning_ID0000013.meta,/home/poseidon/workflows/predict-future-sales-workflow/submit/poseidon/pegasus/predict-future-sales/run0029/00/00/./xgboost_hp_tuning_group_0.000/00/00/xgboost_hp_tuning_ID0000023.meta,/home/poseidon/workflows/predict-future-sales-workflow/submit/poseidon/pegasus/predict-future-sales/run0029/00/00/./xgboost_hp_tuning_group_0.000/00/00/xgboost_hp_tuning_ID0000011.meta,/home/poseidon/workflows/predict-future-sales-workflow/submit/poseidon/pegasus/predict-future-sales/run0029/00/00/./xgboost_hp_tuning_group_0.000/00/00/xgboost_hp_tuning_ID0000006.meta,/home/poseidon/workflows/predict-future-sales-workflow/submit/poseidon/pegasus/predict-future-sales/run0029/00/00/./xgboost_hp_tuning_group_0.000/00/00/xgboost_hp_tuning_ID0000003.meta,/home/poseidon/workflows/predict-future-sales-workflow/submit/poseidon/pegasus/predict-future-sales/run0029/00/00/./xgboost_hp_tuning_group_0.000/00/00/xgboost_hp_tuning_ID0000021.meta,/home/poseidon/workflows/predict-future-sales-workflow/submit/poseidon/pegasus/predict-future-sales/run0029/00/00/./xgboost_hp_tuning_group_0.000/00/00/xgboost_hp_tuning_ID0000019.meta,/home/poseidon/workflows/predict-future-sales-workflow/submit/poseidon/pegasus/predict-future-sales/run0029/00/00/./xgboost_hp_tuning_group_0.000/00/00/xgboost_hp_tuning_ID0000016.meta --insert /home/poseidon/workflows/predict-future-sales-workflow/submit/poseidon/pegasus/predict-future-sales/run0029/00/00/./xgboost_hp_tuning_group_0.000/00/00/register_condorpool_0_1.in",3.0,0,0
model_predict_ID0000018,None,compute,0,1676912473.0,,,1676912478.0,1676912442.0,1676912460.0,1676912480.0,1676912518.0,1676912468.0,1676912472.0,1676912518.0,1676912523.0,5.0,,2.0,38.0,5.0,18.0,368842785.0,4.0,25035.0,poseidon,condorpool,poseidon-worker-1-container-16-23,model_predict,/srv/model_predict,,2.4,0,0
stage_out_local_condorpool_1_0_pegasus-plan_ID0000012,None,transfer,0,1676912485.0,,,1676912490.0,,,1676912490.0,1676912500.0,1676912491.0,1676912495.0,1676912500.0,1676912505.0,5.0,,0.0,10.0,5.0,,,4.0,5320.0,poseidon,local,host-10-100-100-12.openstacklocal,pegasus::transfer,/home/poseidon/pegasus-5.1.0panorama/bin/pegasus-transfer,/home/poseidon/pegasus-5.1.0panorama/bin/../bin/pegasus-kickstart  -n pegasus::transfer -N null -i - -R local  -L xgboost_hp_tuning_group_0 -T 2023-02-20T16:51:15+00:00 /home/poseidon/pegasus-5.1.0panorama/bin/../bin/pegasus-transfer  --threads 2,0.7,0,0
register_condorpool_1_0_pegasus-plan_ID0000012,None,auxiliary,0,1676912505.0,,,1676912510.0,,,1676912510.0,1676912515.0,,,1676912515.0,1676912520.0,5.0,,0.0,5.0,5.0,,,,,poseidon,local,host-10-100-100-12.openstacklocal,pegasus::rc-client,/home/poseidon/pegasus-5.1.0panorama/bin/pegasus-rc-client,-n pegasus::rc-client -N null -R local  -L xgboost_hp_tuning_group_0 -T 2023-02-20T16:51:15+00:00 /home/poseidon/pegasus-5.1.0panorama/bin/pegasus-rc-client --prefix pegasus.catalog.replica.output --conf /home/poseidon/workflows/predict-future-sales-workflow/submit/poseidon/pegasus/predict-future-sales/run0029/00/00/./xgboost_hp_tuning_group_0.000/pegasus.4892459568729152165.properties -v --meta /home/poseidon/workflows/predict-future-sales-workflow/submit/poseidon/pegasus/predict-future-sales/run0029/00/00/./xgboost_hp_tuning_group_0.000/00/00/xgboost_best_params_ID0000024.meta --insert /home/poseidon/workflows/predict-future-sales-workflow/submit/poseidon/pegasus/predict-future-sales/run0029/00/00/./xgboost_hp_tuning_group_0.000/00/00/register_condorpool_1_0.in,3.0,0,0
xgboost_model_ID0000013,None,compute,0,1676912523.0,,,1676912528.0,1676912492.0,1676912510.0,1676912530.0,1676912578.0,1676912526.0,1676912530.0,1676912578.0,1676912583.0,5.0,,2.0,48.0,5.0,18.0,502671194.0,4.0,1751280.0,poseidon,condorpool,poseidon-worker-1-container-16-23,xgboost_model,/srv/xgboost_model,,36.9,0,0
model_predict_ID0000014,None,compute,0,1676912583.0,,,1676912588.0,1676912551.0,1676912570.0,1676912589.0,1676912633.0,1676912578.0,1676912582.0,1676912633.0,1676912638.0,5.0,,1.0,44.0,5.0,19.0,371938595.0,4.0,451213.0,poseidon,condorpool,poseidon-worker-1-container-16-23,model_predict,/srv/model_predict,,2.6,0,0
stage_out_local_condorpool_0_2_pegasus-plan_ID0000020,None,transfer,0,1676912831.0,,,1676912836.0,,,1676912836.0,1676912846.0,1676912836.0,1676912840.0,1676912846.0,1676912851.0,5.0,,0.0,10.0,5.0,,,4.0,7424.0,poseidon,local,host-10-100-100-12.openstacklocal,pegasus::transfer,/home/poseidon/pegasus-5.1.0panorama/bin/pegasus-transfer,/home/poseidon/pegasus-5.1.0panorama/bin/../bin/pegasus-kickstart  -n pegasus::transfer -N null -i - -R local  -L xgboost_hp_tuning_group_2 -T 2023-02-20T16:51:10+00:00 /home/poseidon/pegasus-5.1.0panorama/bin/../bin/pegasus-transfer  --threads 2,1.0,0,0
stage_out_local_condorpool_0_1_pegasus-plan_ID0000020,None,transfer,0,1676912841.0,,,1676912846.0,,,1676912846.0,1676912856.0,1676912847.0,1676912851.0,1676912856.0,1676912861.0,5.0,,0.0,10.0,5.0,,,4.0,8504.0,poseidon,local,host-10-100-100-12.openstacklocal,pegasus::transfer,/home/poseidon/pegasus-5.1.0panorama/bin/pegasus-transfer,/home/poseidon/pegasus-5.1.0panorama/bin/../bin/pegasus-kickstart  -n pegasus::transfer -N null -i - -R local  -L xgboost_hp_tuning_group_2 -T 2023-02-20T16:51:10+00:00 /home/poseidon/pegasus-5.1.0panorama/bin/../bin/pegasus-transfer  --threads 2,1.1,0,0
register_condorpool_0_2_pegasus-plan_ID0000020,None,auxiliary,0,1676912851.0,,,1676912856.0,,,1676912856.0,1676912861.0,,,1676912861.0,1676912866.0,5.0,,0.0,5.0,5.0,,,,,poseidon,local,host-10-100-100-12.openstacklocal,pegasus::rc-client,/home/poseidon/pegasus-5.1.0panorama/bin/pegasus-rc-client,"-n pegasus::rc-client -N null -R local  -L xgboost_hp_tuning_group_2 -T 2023-02-20T16:51:10+00:00 /home/poseidon/pegasus-5.1.0panorama/bin/pegasus-rc-client --prefix pegasus.catalog.replica.output --conf /home/poseidon/workflows/predict-future-sales-workflow/submit/poseidon/pegasus/predict-future-sales/run0029/00/00/./xgboost_hp_tuning_group_2.000/pegasus.11135229746064212757.properties -v --meta /home/poseidon/workflows/predict-future-sales-workflow/submit/poseidon/pegasus/predict-future-sales/run0029/00/00/./xgboost_hp_tuning_group_2.000/00/00/xgboost_hp_tuning_ID0000014.meta,/home/poseidon/workflows/predict-future-sales-workflow/submit/poseidon/pegasus/predict-future-sales/run0029/00/00/./xgboost_hp_tuning_group_2.000/00/00/xgboost_hp_tuning_ID0000001.meta,/home/poseidon/workflows/predict-future-sales-workflow/submit/poseidon/pegasus/predict-future-sales/run0029/00/00/./xgboost_hp_tuning_group_2.000/00/00/xgboost_hp_tuning_ID0000007.meta,/home/poseidon/workflows/predict-future-sales-workflow/submit/poseidon/pegasus/predict-future-sales/run0029/00/00/./xgboost_hp_tuning_group_2.000/00/00/xgboost_hp_tuning_ID0000004.meta,/home/poseidon/workflows/predict-future-sales-workflow/submit/poseidon/pegasus/predict-future-sales/run0029/00/00/./xgboost_hp_tuning_group_2.000/00/00/xgboost_hp_tuning_ID0000022.meta,/home/poseidon/workflows/predict-future-sales-workflow/submit/poseidon/pegasus/predict-future-sales/run0029/00/00/./xgboost_hp_tuning_group_2.000/00/00/xgboost_hp_tuning_ID0000020.meta,/home/poseidon/workflows/predict-future-sales-workflow/submit/poseidon/pegasus/predict-future-sales/run0029/00/00/./xgboost_hp_tuning_group_2.000/00/00/xgboost_hp_tuning_ID0000017.meta --insert /home/poseidon/workflows/predict-future-sales-workflow/submit/poseidon/pegasus/predict-future-sales/run0029/00/00/./xgboost_hp_tuning_group_2.000/00/00/register_condorpool_0_2.in",2.9,0,0
xgboost_best_params_ID0000024_pegasus-plan_ID0000020,None,compute,0,1676912851.0,,,1676912856.0,1676912820.0,1676912837.0,1676912858.0,1676912896.0,1676912844.0,1676912848.0,1676912896.0,1676912901.0,5.0,,2.0,38.0,5.0,17.0,368018658.0,4.0,1060.0,poseidon,condorpool,poseidon-worker-2-container-8-15,xgboost_best_params,/srv/xgboost_best_params,,0.0,0,0
stage_out_local_condorpool_0_0_pegasus-plan_ID0000020,None,transfer,0,1676912851.0,,,1676912856.0,,,1676912856.0,1676912871.0,1676912857.0,1676912861.0,1676912871.0,1676912876.0,5.0,,0.0,15.0,5.0,,,4.0,8461.0,poseidon,local,host-10-100-100-12.openstacklocal,pegasus::transfer,/home/poseidon/pegasus-5.1.0panorama/bin/pegasus-transfer,/home/poseidon/pegasus-5.1.0panorama/bin/../bin/pegasus-kickstart  -n pegasus::transfer -N null -i - -R local  -L xgboost_hp_tuning_group_2 -T 2023-02-20T16:51:10+00:00 /home/poseidon/pegasus-5.1.0panorama/bin/../bin/pegasus-transfer  --threads 2,1.1,0,0
register_condorpool_0_1_pegasus-plan_ID0000020,None,auxiliary,0,1676912861.0,,,1676912866.0,,,1676912866.0,1676912871.0,,,1676912871.0,1676912876.0,5.0,,0.0,5.0,5.0,,,,,poseidon,local,host-10-100-100-12.openstacklocal,pegasus::rc-client,/home/poseidon/pegasus-5.1.0panorama/bin/pegasus-rc-client,"-n pegasus::rc-client -N null -R local  -L xgboost_hp_tuning_group_2 -T 2023-02-20T16:51:10+00:00 /home/poseidon/pegasus-5.1.0panorama/bin/pegasus-rc-client --prefix pegasus.catalog.replica.output --conf /home/poseidon/workflows/predict-future-sales-workflow/submit/poseidon/pegasus/predict-future-sales/run0029/00/00/./xgboost_hp_tuning_group_2.000/pegasus.11135229746064212757.properties -v --meta /home/poseidon/workflows/predict-future-sales-workflow/submit/poseidon/pegasus/predict-future-sales/run0029/00/00/./xgboost_hp_tuning_group_2.000/00/00/xgboost_hp_tuning_ID0000019.meta,/home/poseidon/workflows/predict-future-sales-workflow/submit/poseidon/pegasus/predict-future-sales/run0029/00/00/./xgboost_hp_tuning_group_2.000/00/00/xgboost_hp_tuning_ID0000003.meta,/home/poseidon/workflows/predict-future-sales-workflow/submit/poseidon/pegasus/predict-future-sales/run0029/00/00/./xgboost_hp_tuning_group_2.000/00/00/xgboost_hp_tuning_ID0000006.meta,/home/poseidon/workflows/predict-future-sales-workflow/submit/poseidon/pegasus/predict-future-sales/run0029/00/00/./xgboost_hp_tuning_group_2.000/00/00/xgboost_hp_tuning_ID0000016.meta,/home/poseidon/workflows/predict-future-sales-workflow/submit/poseidon/pegasus/predict-future-sales/run0029/00/00/./xgboost_hp_tuning_group_2.000/00/00/xgboost_hp_tuning_ID0000013.meta,/home/poseidon/workflows/predict-future-sales-workflow/submit/poseidon/pegasus/predict-future-sales/run0029/00/00/./xgboost_hp_tuning_group_2.000/00/00/xgboost_hp_tuning_ID0000023.meta,/home/poseidon/workflows/predict-future-sales-workflow/submit/poseidon/pegasus/predict-future-sales/run0029/00/00/./xgboost_hp_tuning_group_2.000/00/00/xgboost_hp_tuning_ID0000011.meta,/home/poseidon/workflows/predict-future-sales-workflow/submit/poseidon/pegasus/predict-future-sales/run0029/00/00/./xgboost_hp_tuning_group_2.000/00/00/xgboost_hp_tuning_ID0000021.meta --insert /home/poseidon/workflows/predict-future-sales-workflow/submit/poseidon/pegasus/predict-future-sales/run0029/00/00/./xgboost_hp_tuning_group_2.000/00/00/register_condorpool_0_1.in",2.9,0,0
register_condorpool_0_0_pegasus-plan_ID0000020,None,auxiliary,0,1676912876.0,,,1676912881.0,,,1676912881.0,1676912886.0,,,1676912886.0,1676912891.0,5.0,,0.0,5.0,5.0,,,,,poseidon,local,host-10-100-100-12.openstacklocal,pegasus::rc-client,/home/poseidon/pegasus-5.1.0panorama/bin/pegasus-rc-client,"-n pegasus::rc-client -N null -R local  -L xgboost_hp_tuning_group_2 -T 2023-02-20T16:51:10+00:00 /home/poseidon/pegasus-5.1.0panorama/bin/pegasus-rc-client --prefix pegasus.catalog.replica.output --conf /home/poseidon/workflows/predict-future-sales-workflow/submit/poseidon/pegasus/predict-future-sales/run0029/00/00/./xgboost_hp_tuning_group_2.000/pegasus.11135229746064212757.properties -v --meta /home/poseidon/workflows/predict-future-sales-workflow/submit/poseidon/pegasus/predict-future-sales/run0029/00/00/./xgboost_hp_tuning_group_2.000/00/00/xgboost_hp_tuning_ID0000018.meta,/home/poseidon/workflows/predict-future-sales-workflow/submit/poseidon/pegasus/predict-future-sales/run0029/00/00/./xgboost_hp_tuning_group_2.000/00/00/xgboost_hp_tuning_ID0000009.meta,/home/poseidon/workflows/predict-future-sales-workflow/submit/poseidon/pegasus/predict-future-sales/run0029/00/00/./xgboost_hp_tuning_group_2.000/00/00/xgboost_hp_tuning_ID0000012.meta,/home/poseidon/workflows/predict-future-sales-workflow/submit/poseidon/pegasus/predict-future-sales/run0029/00/00/./xgboost_hp_tuning_group_2.000/00/00/xgboost_hp_tuning_ID0000008.meta,/home/poseidon/workflows/predict-future-sales-workflow/submit/poseidon/pegasus/predict-future-sales/run0029/00/00/./xgboost_hp_tuning_group_2.000/00/00/xgboost_hp_tuning_ID0000010.meta,/home/poseidon/workflows/predict-future-sales-workflow/submit/poseidon/pegasus/predict-future-sales/run0029/00/00/./xgboost_hp_tuning_group_2.000/00/00/xgboost_hp_tuning_ID0000002.meta,/home/poseidon/workflows/predict-future-sales-workflow/submit/poseidon/pegasus/predict-future-sales/run0029/00/00/./xgboost_hp_tuning_group_2.000/00/00/xgboost_hp_tuning_ID0000005.meta,/home/poseidon/workflows/predict-future-sales-workflow/submit/poseidon/pegasus/predict-future-sales/run0029/00/00/./xgboost_hp_tuning_group_2.000/00/00/xgboost_hp_tuning_ID0000015.meta --insert /home/poseidon/workflows/predict-future-sales-workflow/submit/poseidon/pegasus/predict-future-sales/run0029/00/00/./xgboost_hp_tuning_group_2.000/00/00/register_condorpool_0_0.in",2.9,0,0
stage_out_local_condorpool_1_0_pegasus-plan_ID0000020,None,transfer,0,1676912901.0,,,1676912906.0,,,1676912907.0,1676912916.0,1676912907.0,1676912911.0,1676912916.0,1676912921.0,5.0,,1.0,9.0,5.0,,,4.0,5300.0,poseidon,local,host-10-100-100-12.openstacklocal,pegasus::transfer,/home/poseidon/pegasus-5.1.0panorama/bin/pegasus-transfer,/home/poseidon/pegasus-5.1.0panorama/bin/../bin/pegasus-kickstart  -n pegasus::transfer -N null -i - -R local  -L xgboost_hp_tuning_group_2 -T 2023-02-20T16:51:10+00:00 /home/poseidon/pegasus-5.1.0panorama/bin/../bin/pegasus-transfer  --threads 2,0.7,0,0
register_condorpool_1_0_pegasus-plan_ID0000020,None,auxiliary,0,1676912921.0,,,1676912926.0,,,1676912926.0,1676912931.0,,,1676912931.0,1676912936.0,5.0,,0.0,5.0,5.0,,,,,poseidon,local,host-10-100-100-12.openstacklocal,pegasus::rc-client,/home/poseidon/pegasus-5.1.0panorama/bin/pegasus-rc-client,-n pegasus::rc-client -N null -R local  -L xgboost_hp_tuning_group_2 -T 2023-02-20T16:51:10+00:00 /home/poseidon/pegasus-5.1.0panorama/bin/pegasus-rc-client --prefix pegasus.catalog.replica.output --conf /home/poseidon/workflows/predict-future-sales-workflow/submit/poseidon/pegasus/predict-future-sales/run0029/00/00/./xgboost_hp_tuning_group_2.000/pegasus.11135229746064212757.properties -v --meta /home/poseidon/workflows/predict-future-sales-workflow/submit/poseidon/pegasus/predict-future-sales/run0029/00/00/./xgboost_hp_tuning_group_2.000/00/00/xgboost_best_params_ID0000024.meta --insert /home/poseidon/workflows/predict-future-sales-workflow/submit/poseidon/pegasus/predict-future-sales/run0029/00/00/./xgboost_hp_tuning_group_2.000/00/00/register_condorpool_1_0.in,3.0,0,0
xgboost_model_ID0000021,None,compute,0,1676912938.0,,,1676912943.0,1676912912.0,1676912944.0,1676912950.0,1676913129.0,1676913077.0,1676913081.0,1676913129.0,1676913134.0,5.0,,7.0,179.0,5.0,32.0,1691152081.0,4.0,8610397.0,poseidon,condorpool,poseidon-worker-1-container-32-39,xgboost_model,/srv/xgboost_model,,741.6,0,0
stage_out_local_local_5_0,None,transfer,0,1676912938.0,,,1676912943.0,,,1676912943.0,1676912953.0,1676912944.0,1676912948.0,1676912953.0,1676912958.0,5.0,,0.0,10.0,5.0,,,4.0,3186.0,poseidon,local,host-10-100-100-12.openstacklocal,pegasus::transfer,/home/poseidon/pegasus-5.1.0panorama/bin/pegasus-transfer,pegasus-kickstart  -n pegasus::transfer -N null -i - -R local  -L predict-future-sales -T 2023-02-17T19:59:06+00:00 pegasus-transfer  --threads 2,0.3,0,0
cleanup_predict-future-sales_0_local,None,auxiliary,0,1676912958.0,,,1676912963.0,,,1676912964.0,1676912974.0,,,1676912974.0,1676912979.0,5.0,,1.0,10.0,5.0,,,,,poseidon,local,host-10-100-100-12.openstacklocal,pegasus::cleanup,/home/poseidon/pegasus-5.1.0panorama/bin/pegasus-transfer,pegasus-kickstart  -n pegasus::cleanup -N null -i - -R local  -L predict-future-sales -T 2023-02-17T19:59:06+00:00 pegasus-transfer,0.3,0,0
stage_out_local_condorpool_6_0,None,transfer,0,1676913134.0,,,1676913139.0,,,1676913139.0,1676913149.0,1676913139.0,1676913143.0,1676913149.0,1676913154.0,5.0,,0.0,10.0,5.0,,,4.0,11102387.0,poseidon,local,host-10-100-100-12.openstacklocal,pegasus::transfer,/home/poseidon/pegasus-5.1.0panorama/bin/pegasus-transfer,pegasus-kickstart  -n pegasus::transfer -N null -i - -R local  -L predict-future-sales -T 2023-02-17T19:59:06+00:00 pegasus-transfer  --threads 2,0.9,0,0
model_predict_ID0000022,None,compute,0,1676913134.0,,,1676913139.0,1676913103.0,1676913121.0,1676913141.0,1676913184.0,1676913130.0,1676913134.0,1676913184.0,1676913189.0,5.0,,2.0,43.0,5.0,18.0,403615051.0,4.0,5523764.0,poseidon,condorpool,poseidon-worker-1-container-32-39,model_predict,/srv/model_predict,,4.2,0,0
stage_out_local_condorpool_7_0,None,transfer,0,1676913189.0,,,1676913194.0,,,1676913194.0,1676913204.0,1676913194.0,1676913198.0,1676913204.0,1676913209.0,5.0,,0.0,10.0,5.0,,,4.0,6000012.0,poseidon,local,host-10-100-100-12.openstacklocal,pegasus::transfer,/home/poseidon/pegasus-5.1.0panorama/bin/pegasus-transfer,pegasus-kickstart  -n pegasus::transfer -N null -i - -R local  -L predict-future-sales -T 2023-02-17T19:59:06+00:00 pegasus-transfer  --threads 2,0.6,0,0
predict_merge_ID0000023,None,compute,0,1676913189.0,,,1676913194.0,1676913157.0,1676913174.0,1676913195.0,1676913234.0,1676913182.0,1676913186.0,1676913234.0,1676913239.0,5.0,,1.0,39.0,5.0,17.0,377176763.0,4.0,3704102.0,poseidon,condorpool,poseidon-worker-1-container-32-39,predict_merge,/srv/predict_merge,,1.3,0,0
stage_out_local_condorpool_8_0,None,transfer,0,1676913239.0,,,1676913244.0,,,1676913244.0,1676913254.0,1676913244.0,1676913247.0,1676913254.0,1676913259.0,5.0,,0.0,10.0,5.0,,,3.0,3704102.0,poseidon,local,host-10-100-100-12.openstacklocal,pegasus::transfer,/home/poseidon/pegasus-5.1.0panorama/bin/pegasus-transfer,pegasus-kickstart  -n pegasus::transfer -N null -i - -R local  -L predict-future-sales -T 2023-02-17T19:59:06+00:00 pegasus-transfer  --threads 2,0.4,0,0
cleanup_predict-future-sales_0_condorpool,None,auxiliary,0,1676913259.0,,,1676913264.0,,,1676913264.0,1676913274.0,,,1676913274.0,1676913279.0,5.0,,0.0,10.0,5.0,,,,,poseidon,local,host-10-100-100-12.openstacklocal,pegasus::cleanup,/home/poseidon/pegasus-5.1.0panorama/bin/pegasus-transfer,pegasus-kickstart  -n pegasus::cleanup -N null -i - -R local  -L predict-future-sales -T 2023-02-17T19:59:06+00:00 pegasus-transfer,0.3,0,0
