,anomaly_type,type,is_clustered,ready,pre_script_start,pre_script_end,submit,execute_start,execute_end,post_script_start,post_script_end,wms_delay,pre_script_delay,queue_delay,runtime,post_script_delay,stage_in_delay,stage_in_bytes,stage_out_delay,stage_out_bytes,kickstart_user,kickstart_site,kickstart_hostname,kickstart_transformations,kickstart_executables,kickstart_executables_argv,kickstart_executables_cpu_time,kickstart_status,kickstart_executables_exitcode
create_dir_1000-genome_0_condorpool,normal,auxiliary,0,1661079987.0,,,1661079988.0,1661079992.0,1661079998.0,1661079998.0,1661080003.0,1.0,,4.0,6.0,5.0,,,,,poseidon,local,host-10-100-100-233.openstacklocal,pegasus::dirmanager,/home/poseidon/pegasus-5.1.0panorama/bin/pegasus-transfer,-n pegasus::dirmanager -N null -i - -R local  -L 1000-genome -T 2022-08-03T06:30:23+00:00 /home/poseidon/pegasus-5.1.0panorama/bin/../bin/pegasus-transfer,0.2,0,0
individuals_ID0000047,normal,compute,0,1661080003.0,,,1661080009.0,1661080029.0,1661080970.0,1661080970.0,1661080975.0,6.0,,20.0,941.0,5.0,63.0,1014283276.0,4.0,387616.0,poseidon,condorpool,worker1-container-16-19,individuals,/var/lib/condor/execute/dir_46125/pegasus.vnS9BgVx2/individuals,,855.3,0,0
individuals_ID0000046,normal,compute,0,1661080003.0,,,1661080008.0,1661080031.0,1661080925.0,1661080925.0,1661080930.0,5.0,,23.0,894.0,5.0,71.0,1014283276.0,5.0,356834.0,poseidon,condorpool,worker1-container-8-11,individuals,/var/lib/condor/execute/dir_41943/pegasus.msC2iKPbo/individuals,,802.5,0,0
individuals_ID0000045,normal,compute,0,1661080003.0,,,1661080008.0,1661080029.0,1661081080.0,1661081080.0,1661081085.0,5.0,,21.0,1051.0,5.0,69.0,1014283276.0,4.0,337244.0,poseidon,condorpool,worker1-container-32-35,individuals,/var/lib/condor/execute/dir_44716/pegasus.f6NHw3RC7/individuals,,818.8,0,0
individuals_ID0000044,normal,compute,0,1661080003.0,,,1661080008.0,1661080029.0,1661081000.0,1661081000.0,1661081005.0,5.0,,21.0,971.0,5.0,44.0,1014283276.0,4.0,465345.0,poseidon,condorpool,worker2-container-0-3,individuals,/var/lib/condor/execute/dir_38445/pegasus.2M0iiP5ac/individuals,,905.7,0,0
individuals_ID0000049,cpu_3,compute,0,1661080003.0,,,1661080008.0,1661080029.0,1661083356.0,1661083356.0,1661083361.0,5.0,,21.0,3327.0,5.0,70.0,1014283276.0,4.0,410427.0,poseidon,condorpool,worker1-container-28-31,individuals,/var/lib/condor/execute/dir_53589/pegasus.u2HWjy67B/individuals,,809.2,0,0
individuals_ID0000048,normal,compute,0,1661080003.0,,,1661080008.0,1661080028.0,1661081005.0,1661081005.0,1661081010.0,5.0,,20.0,977.0,5.0,51.0,1014283276.0,4.0,488735.0,poseidon,condorpool,worker2-container-16-19,individuals,/var/lib/condor/execute/dir_39161/pegasus.KJDiNifnA/individuals,,904.3,0,0
individuals_ID0000032,cpu_3,compute,0,1661080003.0,,,1661080008.0,1661080029.0,1661083336.0,1661083336.0,1661083341.0,5.0,,21.0,3307.0,5.0,67.0,1014283276.0,4.0,326618.0,poseidon,condorpool,worker1-container-36-39,individuals,/var/lib/condor/execute/dir_50644/pegasus.0iq62Ypga/individuals,,813.5,0,0
individuals_ID0000031,normal,compute,0,1661080003.0,,,1661080008.0,1661080029.0,1661080990.0,1661080990.0,1661080995.0,5.0,,21.0,961.0,5.0,64.0,1014283276.0,4.0,259918.0,poseidon,condorpool,worker1-container-0-3,individuals,/var/lib/condor/execute/dir_50841/pegasus.Rrd815q9f/individuals,,874.7,0,0
individuals_ID0000030,normal,compute,0,1661080003.0,,,1661080008.0,1661080028.0,1661081060.0,1661081060.0,1661081065.0,5.0,,20.0,1032.0,5.0,62.0,1014283276.0,4.0,221660.0,poseidon,condorpool,worker2-container-24-27,individuals,/var/lib/condor/execute/dir_37371/pegasus.IP7wrNMyj/individuals,,950.6,0,0
individuals_ID0000036,cpu_3,compute,0,1661080003.0,,,1661080008.0,1661080029.0,1661083356.0,1661083356.0,1661083361.0,5.0,,21.0,3327.0,5.0,72.0,1014283276.0,4.0,217076.0,poseidon,condorpool,worker1-container-20-23,individuals,/var/lib/condor/execute/dir_55229/pegasus.8aGAuWpgm/individuals,,825.9,0,0
sifting_ID0000104,normal,compute,0,1661080003.0,,,1661080009.0,1661080028.0,1661080149.0,1661080149.0,1661080154.0,6.0,,19.0,121.0,5.0,74.0,1708159164.0,5.0,1055195.0,poseidon,condorpool,worker2-container-36-39,sifting,/var/lib/condor/execute/dir_39694/pegasus.VI8gh3oPW/sifting,,4.7,0,0
individuals_ID0000035,cpu_3,compute,0,1661080003.0,,,1661080008.0,1661080028.0,1661083216.0,1661083216.0,1661083221.0,5.0,,20.0,3188.0,5.0,55.0,1014283276.0,5.0,410710.0,poseidon,condorpool,worker2-container-28-31,individuals,/var/lib/condor/execute/dir_55032/pegasus.q44X3R569/individuals,,782.8,0,0
individuals_ID0000033,normal,compute,0,1661080003.0,,,1661080008.0,1661080028.0,1661081035.0,1661081035.0,1661081040.0,5.0,,20.0,1007.0,5.0,57.0,1014283276.0,4.0,416367.0,poseidon,condorpool,worker2-container-32-35,individuals,/var/lib/condor/execute/dir_38697/pegasus.wlChKDJh9/individuals,,898.3,0,0
individuals_ID0000039,normal,compute,0,1661080003.0,,,1661080008.0,1661080028.0,1661080995.0,1661080995.0,1661081000.0,5.0,,20.0,967.0,5.0,69.0,1014283276.0,5.0,278627.0,poseidon,condorpool,worker1-container-12-15,individuals,/var/lib/condor/execute/dir_58503/pegasus.tkKH11vlr/individuals,,878.3,0,0
individuals_ID0000038,normal,compute,0,1661080003.0,,,1661080008.0,1661080028.0,1661081025.0,1661081025.0,1661081030.0,5.0,,20.0,997.0,5.0,72.0,1014283276.0,5.0,303001.0,poseidon,condorpool,worker2-container-36-39,individuals,/var/lib/condor/execute/dir_39692/pegasus.F9P2ivJrs/individuals,,900.8,0,0
individuals_ID0000037,normal,compute,0,1661080003.0,,,1661080008.0,1661080028.0,1661080975.0,1661080975.0,1661080980.0,5.0,,20.0,947.0,5.0,69.0,1014283276.0,4.0,275748.0,poseidon,condorpool,worker1-container-24-27,individuals,/var/lib/condor/execute/dir_72913/pegasus.nTtaXAQvS/individuals,,856.7,0,0
individuals_ID0000021,normal,compute,0,1661080003.0,,,1661080008.0,1661080030.0,1661081010.0,1661081010.0,1661081015.0,5.0,,22.0,980.0,5.0,48.0,1014283276.0,5.0,608857.0,poseidon,condorpool,worker2-container-12-15,individuals,/var/lib/condor/execute/dir_28057/pegasus.JZMcwmPmh/individuals,,907.3,0,0
individuals_ID0000020,normal,compute,0,1661080003.0,,,1661080008.0,1661080030.0,1661081030.0,1661081030.0,1661081035.0,5.0,,22.0,1000.0,5.0,48.0,1014283276.0,5.0,338074.0,poseidon,condorpool,worker2-container-4-7,individuals,/var/lib/condor/execute/dir_28087/pegasus.vzKJlTRUL/individuals,,930.0,0,0
individuals_ID0000025,normal,compute,0,1661080003.0,,,1661080008.0,1661080030.0,1661081030.0,1661081030.0,1661081035.0,5.0,,22.0,1000.0,5.0,50.0,1014283276.0,5.0,505294.0,poseidon,condorpool,worker2-container-8-11,individuals,/var/lib/condor/execute/dir_28555/pegasus.NBOtLmOMV/individuals,,929.9,0,0
individuals_ID0000024,normal,compute,0,1661080003.0,,,1661080008.0,1661080028.0,1661080950.0,1661080950.0,1661080955.0,5.0,,20.0,922.0,5.0,52.0,1014283276.0,4.0,340881.0,poseidon,condorpool,worker1-container-16-19,individuals,/var/lib/condor/execute/dir_46123/pegasus.1lQ0QOtqE/individuals,,847.3,0,0
individuals_ID0000023,normal,compute,0,1661080003.0,,,1661080008.0,1661080028.0,1661081005.0,1661081005.0,1661081010.0,5.0,,20.0,977.0,5.0,32.0,1014283276.0,4.0,225152.0,poseidon,condorpool,worker2-container-16-19,individuals,/var/lib/condor/execute/dir_39159/pegasus.UuBNsXdOk/individuals,,924.8,0,0
individuals_ID0000022,normal,compute,0,1661080003.0,,,1661080008.0,1661080030.0,1661080935.0,1661080935.0,1661080940.0,5.0,,22.0,905.0,5.0,73.0,1014283276.0,4.0,235916.0,poseidon,condorpool,worker1-container-8-11,individuals,/var/lib/condor/execute/dir_41941/pegasus.X6DXFQvXW/individuals,,808.1,0,0
individuals_ID0000034,cpu_3,compute,0,1661080003.0,,,1661080008.0,1661080029.0,1661083371.0,1661083371.0,1661083376.0,5.0,,21.0,3342.0,5.0,69.0,1014283276.0,5.0,287320.0,poseidon,condorpool,worker1-container-4-7,individuals,/var/lib/condor/execute/dir_59620/pegasus.4KC24KMKe/individuals,,828.4,0,0
individuals_ID0000029,normal,compute,0,1661080003.0,,,1661080008.0,1661080028.0,1661081155.0,1661081155.0,1661081160.0,5.0,,20.0,1127.0,5.0,52.0,1014283276.0,4.0,228383.0,poseidon,condorpool,worker1-container-32-35,individuals,/var/lib/condor/execute/dir_44714/pegasus.EHGx6C1Dg/individuals,,790.9,0,0
individuals_ID0000040,normal,compute,0,1661080003.0,,,1661080009.0,1661080031.0,1661081020.0,1661081020.0,1661081025.0,6.0,,22.0,989.0,5.0,41.0,1014283276.0,4.0,236750.0,poseidon,condorpool,worker2-container-4-7,individuals,/var/lib/condor/execute/dir_28089/pegasus.SWtCJFC8p/individuals,,925.0,0,0
individuals_ID0000042,normal,compute,0,1661080003.0,,,1661080009.0,1661080031.0,1661081015.0,1661081015.0,1661081020.0,6.0,,22.0,984.0,5.0,46.0,1014283276.0,5.0,308764.0,poseidon,condorpool,worker2-container-12-15,individuals,/var/lib/condor/execute/dir_28059/pegasus.1vsMfuLKn/individuals,,915.9,0,0
individuals_ID0000061,normal,compute,0,1661080003.0,,,1661080014.0,1661080992.0,1661081760.0,1661081760.0,1661081765.0,11.0,,978.0,768.0,5.0,13.0,1014254291.0,4.0,388469.0,poseidon,condorpool,worker2-container-0-3,individuals,/var/lib/condor/execute/dir_39687/pegasus.CLmbOFvdM/individuals,,734.9,0,0
individuals_ID0000060,normal,compute,0,1661080003.0,,,1661080014.0,1661080988.0,1661081845.0,1661081845.0,1661081850.0,11.0,,974.0,857.0,5.0,14.0,1014254291.0,4.0,369125.0,poseidon,condorpool,worker1-container-0-3,individuals,/var/lib/condor/execute/dir_52775/pegasus.o4EgfKJsQ/individuals,,821.0,0,0
individuals_ID0000065,normal,compute,0,1661080003.0,,,1661080009.0,1661080989.0,1661081770.0,1661081770.0,1661081775.0,6.0,,980.0,781.0,5.0,14.0,1014254291.0,5.0,496169.0,poseidon,condorpool,worker2-container-4-7,individuals,/var/lib/condor/execute/dir_29300/pegasus.pdNgF9T2p/individuals,,746.4,0,0
individuals_ID0000064,normal,compute,0,1661080003.0,,,1661080009.0,1661080986.0,1661081830.0,1661081830.0,1661081835.0,6.0,,977.0,844.0,5.0,14.0,1014254291.0,4.0,473036.0,poseidon,condorpool,worker1-container-32-35,individuals,/var/lib/condor/execute/dir_45917/pegasus.OtAGzPzuB/individuals,,809.2,0,0
individuals_ID0000063,normal,compute,0,1661080003.0,,,1661080009.0,1661080983.0,1661081870.0,1661081870.0,1661081875.0,6.0,,974.0,887.0,5.0,19.0,1014254291.0,4.0,633857.0,poseidon,condorpool,worker1-container-8-11,individuals,/var/lib/condor/execute/dir_43815/pegasus.PlFPxJANO/individuals,,808.4,0,0
individuals_ID0000062,normal,compute,0,1661080003.0,,,1661080009.0,1661080980.0,1661081860.0,1661081860.0,1661081865.0,6.0,,971.0,880.0,5.0,15.0,1014254291.0,5.0,665563.0,poseidon,condorpool,worker1-container-8-11,individuals,/var/lib/condor/execute/dir_43654/pegasus.0PU9Kf7UH/individuals,,801.9,0,0
individuals_ID0000102,normal,compute,0,1661080003.0,,,1661080009.0,1661080974.0,1661081925.0,1661081925.0,1661081930.0,6.0,,965.0,951.0,5.0,19.0,1014254291.0,5.0,394990.0,poseidon,condorpool,worker1-container-24-27,individuals,/var/lib/condor/execute/dir_74788/pegasus.RZ2IFeDzq/individuals,,801.1,0,0
individuals_ID0000069,normal,compute,0,1661080003.0,,,1661080009.0,1661080971.0,1661081865.0,1661081865.0,1661081870.0,6.0,,962.0,894.0,5.0,18.0,1014254291.0,4.0,470436.0,poseidon,condorpool,worker1-container-24-27,individuals,/var/lib/condor/execute/dir_74627/pegasus.7wt0n2FFe/individuals,,770.8,0,0
individuals_ID0000101,normal,compute,0,1661080003.0,,,1661080009.0,1661080969.0,1661081900.0,1661081900.0,1661081905.0,6.0,,960.0,931.0,5.0,13.0,1014254291.0,4.0,426580.0,poseidon,condorpool,worker1-container-16-19,individuals,/var/lib/condor/execute/dir_48033/pegasus.uqiNBQvC7/individuals,,780.5,0,0
individuals_ID0000068,normal,compute,0,1661080003.0,,,1661080009.0,1661080960.0,1661081775.0,1661081775.0,1661081780.0,6.0,,951.0,815.0,5.0,14.0,1014254291.0,5.0,498270.0,poseidon,condorpool,worker1-container-0-3,individuals,/var/lib/condor/execute/dir_52521/pegasus.NNtCbiSN7/individuals,,780.2,0,0
individuals_ID0000041,normal,compute,0,1661080003.0,,,1661080009.0,1661080031.0,1661081035.0,1661081035.0,1661081040.0,6.0,,22.0,1004.0,5.0,41.0,1014283276.0,5.0,315036.0,poseidon,condorpool,worker2-container-8-11,individuals,/var/lib/condor/execute/dir_28557/pegasus.O6h7KxgJD/individuals,,942.8,0,0
individuals_ID0000100,normal,compute,0,1661080003.0,,,1661080009.0,1661080954.0,1661081765.0,1661081765.0,1661081770.0,6.0,,945.0,811.0,5.0,14.0,1014254291.0,4.0,401442.0,poseidon,condorpool,worker1-container-12-15,individuals,/var/lib/condor/execute/dir_59695/pegasus.wPZDjCpfO/individuals,,778.7,0,0
individuals_ID0000066,normal,compute,0,1661080003.0,,,1661080009.0,1661080936.0,1661081805.0,1661081805.0,1661081810.0,6.0,,927.0,869.0,5.0,13.0,1014254291.0,5.0,989360.0,poseidon,condorpool,worker1-container-24-27,individuals,/var/lib/condor/execute/dir_74321/pegasus.RooDwEtuQ/individuals,,809.1,0,0
individuals_ID0000050,normal,compute,0,1661080003.0,,,1661080009.0,1661080935.0,1661081750.0,1661081750.0,1661081755.0,6.0,,926.0,815.0,5.0,18.0,1014283276.0,5.0,449714.0,poseidon,condorpool,worker1-container-8-11,individuals,/var/lib/condor/execute/dir_43339/pegasus.JLVaXiHV3/individuals,,773.0,0,0
individuals_ID0000054,normal,compute,0,1661080003.0,,,1661080009.0,1661080927.0,1661081750.0,1661081750.0,1661081755.0,6.0,,918.0,823.0,5.0,18.0,1014254291.0,5.0,272545.0,poseidon,condorpool,worker1-container-8-11,individuals,/var/lib/condor/execute/dir_43145/pegasus.lOwOwURwY/individuals,,784.7,0,0
individuals_ID0000053,normal,compute,0,1661080003.0,,,1661080009.0,1661080920.0,1661081785.0,1661081785.0,1661081790.0,6.0,,911.0,865.0,5.0,19.0,1014254291.0,4.0,216780.0,poseidon,condorpool,worker1-container-16-19,individuals,/var/lib/condor/execute/dir_47348/pegasus.4bqrvLzKf/individuals,,697.2,0,0
individuals_ID0000058,normal,compute,0,1661080003.0,,,1661080009.0,1661080920.0,1661081890.0,1661081890.0,1661081895.0,6.0,,911.0,970.0,5.0,19.0,1014254291.0,4.0,312334.0,poseidon,condorpool,worker1-container-16-19,individuals,/var/lib/condor/execute/dir_47333/pegasus.eFADOAWVO/individuals,,811.2,0,0
individuals_ID0000057,normal,compute,0,1661080003.0,,,1661080009.0,1661080916.0,1661081760.0,1661081760.0,1661081765.0,6.0,,907.0,844.0,5.0,13.0,1014254291.0,5.0,273238.0,poseidon,condorpool,worker1-container-24-27,individuals,/var/lib/condor/execute/dir_74087/pegasus.MhnclC3OF/individuals,,807.9,0,0
individuals_ID0000056,normal,compute,0,1661080003.0,,,1661080009.0,1661080906.0,1661081765.0,1661081765.0,1661081770.0,6.0,,897.0,859.0,5.0,20.0,1014254291.0,4.0,283898.0,poseidon,condorpool,worker1-container-0-3,individuals,/var/lib/condor/execute/dir_52206/pegasus.38uLheTlm/individuals,,814.9,0,0
individuals_ID0000055,normal,compute,0,1661080003.0,,,1661080009.0,1661080904.0,1661081750.0,1661081750.0,1661081755.0,6.0,,895.0,846.0,5.0,15.0,1014254291.0,4.0,404762.0,poseidon,condorpool,worker1-container-0-3,individuals,/var/lib/condor/execute/dir_52045/pegasus.nffCoeD9T/individuals,,811.3,0,0
individuals_ID0000059,normal,compute,0,1661080003.0,,,1661080009.0,1661080146.0,1661081105.0,1661081105.0,1661081110.0,6.0,,137.0,959.0,5.0,13.0,1014254291.0,4.0,342395.0,poseidon,condorpool,worker2-container-36-39,individuals,/var/lib/condor/execute/dir_40556/pegasus.9zHBXAhNW/individuals,,922.7,0,0
individuals_ID0000043,normal,compute,0,1661080003.0,,,1661080009.0,1661080136.0,1661081095.0,1661081095.0,1661081100.0,6.0,,127.0,959.0,5.0,13.0,1014283276.0,4.0,385604.0,poseidon,condorpool,worker2-container-20-23,individuals,/var/lib/condor/execute/dir_39881/pegasus.kLHJVU34s/individuals,,923.4,0,0
individuals_ID0000067,normal,compute,0,1661080003.0,,,1661080009.0,1661080946.0,1661081910.0,1661081910.0,1661081915.0,6.0,,937.0,964.0,5.0,14.0,1014254291.0,5.0,486907.0,poseidon,condorpool,worker1-container-16-19,individuals,/var/lib/condor/execute/dir_47763/pegasus.93DahtYeU/individuals,,799.0,0,0
individuals_ID0000028,cpu_3,compute,0,1661080003.0,,,1661080008.0,1661080028.0,1661083341.0,1661083341.0,1661083346.0,5.0,,20.0,3313.0,5.0,71.0,1014283276.0,5.0,467481.0,poseidon,condorpool,worker1-container-28-31,individuals,/var/lib/condor/execute/dir_53587/pegasus.6S18v3Mfr/individuals,,802.5,0,0
sifting_ID0000052,normal,compute,0,1661080003.0,,,1661080008.0,1661080028.0,1661080139.0,1661080139.0,1661080144.0,5.0,,20.0,111.0,5.0,56.0,1580481751.0,4.0,1636846.0,poseidon,condorpool,worker2-container-20-23,sifting,/var/lib/condor/execute/dir_39016/pegasus.0xdJyOyLH/sifting,,4.3,0,0
individuals_ID0000026,cpu_3,compute,0,1661080003.0,,,1661080008.0,1661080028.0,1661083326.0,1661083326.0,1661083331.0,5.0,,20.0,3298.0,5.0,67.0,1014283276.0,5.0,386918.0,poseidon,condorpool,worker1-container-36-39,individuals,/var/lib/condor/execute/dir_50642/pegasus.H2YivtiBi/individuals,,804.8,0,0
individuals_ID0000085,normal,compute,0,1661080003.0,,,1661080008.0,1661080028.0,1661081340.0,1661081340.0,1661081345.0,5.0,,20.0,1312.0,5.0,67.0,1014254291.0,4.0,291720.0,poseidon,condorpool,worker2-container-24-27,individuals,/var/lib/condor/execute/dir_37367/pegasus.UUkRtUUBS/individuals,,883.6,0,0
individuals_ID0000084,normal,compute,0,1661080003.0,,,1661080008.0,1661080028.0,1661081045.0,1661081045.0,1661081050.0,5.0,,20.0,1017.0,5.0,73.0,1014254291.0,5.0,486516.0,poseidon,condorpool,worker2-container-36-39,individuals,/var/lib/condor/execute/dir_39691/pegasus.ldfhGj6Qy/individuals,,922.3,0,0
individuals_ID0000009,normal,compute,0,1661080003.0,,,1661080008.0,1661080028.0,1661080940.0,1661080940.0,1661080945.0,5.0,,20.0,912.0,5.0,50.0,1014283276.0,4.0,364644.0,poseidon,condorpool,worker1-container-24-27,individuals,/var/lib/condor/execute/dir_72909/pegasus.kqpzV0knY/individuals,,840.0,0,0
individuals_ID0000008,normal,compute,0,1661080003.0,,,1661080008.0,1661080030.0,1661081020.0,1661081020.0,1661081025.0,5.0,,22.0,990.0,5.0,39.0,1014283276.0,4.0,353738.0,poseidon,condorpool,worker2-container-8-11,individuals,/var/lib/condor/execute/dir_28552/pegasus.gtvWzLCbT/individuals,,930.4,0,0
individuals_ID0000003,normal,compute,0,1661080003.0,,,1661080008.0,1661080030.0,1661081030.0,1661081030.0,1661081035.0,5.0,,22.0,1000.0,5.0,48.0,1014283276.0,5.0,373032.0,poseidon,condorpool,worker2-container-4-7,individuals,/var/lib/condor/execute/dir_28084/pegasus.5zkGlF2aR/individuals,,931.8,0,0
individuals_ID0000002,normal,compute,0,1661080003.0,,,1661080008.0,1661080028.0,1661080920.0,1661080920.0,1661080925.0,5.0,,20.0,892.0,5.0,67.0,1014283276.0,4.0,407674.0,poseidon,condorpool,worker1-container-16-19,individuals,/var/lib/condor/execute/dir_46120/pegasus.kVpVZLGTQ/individuals,,804.4,0,0
individuals_ID0000089,normal,compute,0,1661080003.0,,,1661080008.0,1661080030.0,1661080980.0,1661080980.0,1661080985.0,5.0,,22.0,950.0,5.0,71.0,1014254291.0,5.0,244705.0,poseidon,condorpool,worker1-container-8-11,individuals,/var/lib/condor/execute/dir_41938/pegasus.6Y2P20v74/individuals,,859.5,0,0
individuals_ID0000001,normal,compute,0,1661080003.0,,,1661080008.0,1661080028.0,1661081035.0,1661081035.0,1661081040.0,5.0,,20.0,1007.0,5.0,62.0,1014283276.0,5.0,278981.0,poseidon,condorpool,worker1-container-32-35,individuals,/var/lib/condor/execute/dir_44711/pegasus.epWRa6l28/individuals,,713.2,0,0
individuals_ID0000088,normal,compute,0,1661080003.0,,,1661080008.0,1661080030.0,1661081020.0,1661081020.0,1661081025.0,5.0,,22.0,990.0,5.0,34.0,1014254291.0,5.0,214135.0,poseidon,condorpool,worker2-container-12-15,individuals,/var/lib/condor/execute/dir_28054/pegasus.IvUU0Mqbo/individuals,,937.7,0,0
individuals_ID0000007,cpu_3,compute,0,1661080003.0,,,1661080008.0,1661080028.0,1661083361.0,1661083361.0,1661083366.0,5.0,,20.0,3333.0,5.0,45.0,1014283276.0,4.0,362209.0,poseidon,condorpool,worker1-container-28-31,individuals,/var/lib/condor/execute/dir_53584/pegasus.FKugFh0dh/individuals,,836.9,0,0
individuals_ID0000006,cpu_3,compute,0,1661080003.0,,,1661080008.0,1661080028.0,1661083301.0,1661083301.0,1661083306.0,5.0,,20.0,3273.0,5.0,54.0,1014283276.0,5.0,392093.0,poseidon,condorpool,worker1-container-36-39,individuals,/var/lib/condor/execute/dir_50639/pegasus.5yqh93d2C/individuals,,804.3,0,0
individuals_ID0000005,cpu_3,compute,0,1661080003.0,,,1661080008.0,1661080028.0,1661083356.0,1661083356.0,1661083361.0,5.0,,20.0,3328.0,5.0,69.0,1014283276.0,5.0,281626.0,poseidon,condorpool,worker1-container-4-7,individuals,/var/lib/condor/execute/dir_59615/pegasus.ew8inU9kK/individuals,,814.4,0,0
individuals_ID0000004,cpu_3,compute,0,1661080003.0,,,1661080008.0,1661080028.0,1661083336.0,1661083336.0,1661083341.0,5.0,,20.0,3308.0,5.0,69.0,1014283276.0,5.0,453467.0,poseidon,condorpool,worker1-container-20-23,individuals,/var/lib/condor/execute/dir_55224/pegasus.u7RCbN5Ec/individuals,,807.3,0,0
individuals_ID0000072,normal,compute,0,1661080003.0,,,1661080008.0,1661080028.0,1661081020.0,1661081020.0,1661081025.0,5.0,,20.0,992.0,5.0,41.0,1014254291.0,4.0,732399.0,poseidon,condorpool,worker2-container-0-3,individuals,/var/lib/condor/execute/dir_38440/pegasus.2WOE620HZ/individuals,,928.5,0,0
individuals_ID0000027,normal,compute,0,1661080003.0,,,1661080008.0,1661080028.0,1661081010.0,1661081010.0,1661081015.0,5.0,,20.0,982.0,5.0,39.0,1014283276.0,5.0,389264.0,poseidon,condorpool,worker2-container-0-3,individuals,/var/lib/condor/execute/dir_38443/pegasus.X2BgghKAH/individuals,,920.9,0,0
individuals_ID0000070,normal,compute,0,1661080003.0,,,1661080008.0,1661080028.0,1661080910.0,1661080910.0,1661080915.0,5.0,,20.0,882.0,5.0,57.0,1014254291.0,4.0,512475.0,poseidon,condorpool,worker1-container-0-3,individuals,/var/lib/condor/execute/dir_50836/pegasus.6rjQLlUYY/individuals,,804.4,0,0
individuals_ID0000076,cpu_3,compute,0,1661080003.0,,,1661080008.0,1661080028.0,1661083296.0,1661083296.0,1661083301.0,5.0,,20.0,3268.0,5.0,65.0,1014254291.0,5.0,544947.0,poseidon,condorpool,worker2-container-28-31,individuals,/var/lib/condor/execute/dir_55027/pegasus.SrQ1pJT8O/individuals,,809.1,0,0
individuals_ID0000075,normal,compute,0,1661080003.0,,,1661080008.0,1661080028.0,1661080955.0,1661080955.0,1661080960.0,5.0,,20.0,927.0,5.0,44.0,1014254291.0,4.0,552387.0,poseidon,condorpool,worker1-container-12-15,individuals,/var/lib/condor/execute/dir_58498/pegasus.ULepHe3TV/individuals,,797.2,0,0
individuals_ID0000074,normal,compute,0,1661080003.0,,,1661080008.0,1661080028.0,1661081025.0,1661081025.0,1661081030.0,5.0,,20.0,997.0,5.0,46.0,1014254291.0,4.0,386259.0,poseidon,condorpool,worker2-container-20-23,individuals,/var/lib/condor/execute/dir_39011/pegasus.uZQzoIRzI/individuals,,929.5,0,0
individuals_ID0000073,normal,compute,0,1661080003.0,,,1661080008.0,1661080028.0,1661081015.0,1661081015.0,1661081020.0,5.0,,20.0,987.0,5.0,60.0,1014254291.0,4.0,538403.0,poseidon,condorpool,worker2-container-32-35,individuals,/var/lib/condor/execute/dir_38692/pegasus.whVkmGQHs/individuals,,904.3,0,0
individuals_ID0000079,normal,compute,0,1661080003.0,,,1661080008.0,1661080028.0,1661081255.0,1661081255.0,1661081260.0,5.0,,20.0,1227.0,5.0,47.0,1014254291.0,5.0,751306.0,poseidon,condorpool,worker2-container-24-27,individuals,/var/lib/condor/execute/dir_37366/pegasus.j4JXyPVvd/individuals,,857.6,0,0
individuals_ID0000078,normal,compute,0,1661080003.0,,,1661080008.0,1661080028.0,1661081000.0,1661081000.0,1661081005.0,5.0,,20.0,972.0,5.0,48.0,1014254291.0,5.0,547803.0,poseidon,condorpool,worker2-container-36-39,individuals,/var/lib/condor/execute/dir_39689/pegasus.NId47s7gS/individuals,,902.6,0,0
individuals_ID0000077,normal,compute,0,1661080003.0,,,1661080008.0,1661080028.0,1661080920.0,1661080920.0,1661080925.0,5.0,,20.0,892.0,5.0,70.0,1014254291.0,4.0,570944.0,poseidon,condorpool,worker1-container-24-27,individuals,/var/lib/condor/execute/dir_72908/pegasus.biASRgODD/individuals,,798.3,0,0
individuals_ID0000086,normal,compute,0,1661080003.0,,,1661080008.0,1661080028.0,1661081030.0,1661081030.0,1661081035.0,5.0,,20.0,1002.0,5.0,69.0,1014254291.0,5.0,378679.0,poseidon,condorpool,worker1-container-12-15,individuals,/var/lib/condor/execute/dir_58499/pegasus.FLwe0RfE0/individuals,,794.9,0,0
individuals_ID0000087,normal,compute,0,1661080003.0,,,1661080008.0,1661080028.0,1661081050.0,1661081050.0,1661081055.0,5.0,,20.0,1022.0,5.0,56.0,1014254291.0,4.0,208224.0,poseidon,condorpool,worker2-container-32-35,individuals,/var/lib/condor/execute/dir_38693/pegasus.rb9ESiBLz/individuals,,947.4,0,0
individuals_ID0000071,normal,compute,0,1661080003.0,,,1661080008.0,1661080028.0,1661081030.0,1661081030.0,1661081035.0,5.0,,20.0,1002.0,5.0,44.0,1014254291.0,5.0,1041335.0,poseidon,condorpool,worker2-container-16-19,individuals,/var/lib/condor/execute/dir_39156/pegasus.goK24vL8a/individuals,,932.7,0,0
individuals_ID0000081,cpu_3,compute,0,1661080003.0,,,1661080008.0,1661080028.0,1661083241.0,1661083241.0,1661083246.0,5.0,,20.0,3213.0,5.0,68.0,1014254291.0,5.0,434703.0,poseidon,condorpool,worker2-container-28-31,individuals,/var/lib/condor/execute/dir_55028/pegasus.d8ifSrBzk/individuals,,781.7,0,0
individuals_ID0000080,normal,compute,0,1661080003.0,,,1661080008.0,1661080028.0,1661081000.0,1661081000.0,1661081005.0,5.0,,20.0,972.0,5.0,47.0,1014254291.0,5.0,585839.0,poseidon,condorpool,worker2-container-20-23,individuals,/var/lib/condor/execute/dir_39012/pegasus.gE2OYe9n5/individuals,,903.7,0,0
individuals_ID0000094,normal,compute,0,1661080003.0,,,1661080008.0,1661080028.0,1661080905.0,1661080905.0,1661080910.0,5.0,,20.0,877.0,5.0,57.0,1014254291.0,5.0,446323.0,poseidon,condorpool,worker1-container-0-3,individuals,/var/lib/condor/execute/dir_50839/pegasus.bxliPimM5/individuals,,800.2,0,0
individuals_ID0000093,cpu_3,compute,0,1661080003.0,,,1661080008.0,1661080028.0,1661083326.0,1661083326.0,1661083331.0,5.0,,20.0,3298.0,5.0,64.0,1014254291.0,5.0,425348.0,poseidon,condorpool,worker1-container-20-23,individuals,/var/lib/condor/execute/dir_55227/pegasus.mxWs5mwT7/individuals,,806.4,0,0
individuals_ID0000092,cpu_3,compute,0,1661080003.0,,,1661080008.0,1661080028.0,1661083296.0,1661083296.0,1661083301.0,5.0,,20.0,3268.0,5.0,53.0,1014254291.0,5.0,287091.0,poseidon,condorpool,worker1-container-4-7,individuals,/var/lib/condor/execute/dir_59618/pegasus.U4wFJtWXh/individuals,,806.4,0,0
individuals_ID0000091,cpu_3,compute,0,1661080003.0,,,1661080008.0,1661080028.0,1661083306.0,1661083306.0,1661083311.0,5.0,,20.0,3278.0,5.0,68.0,1014254291.0,4.0,225617.0,poseidon,condorpool,worker2-container-28-31,individuals,/var/lib/condor/execute/dir_55030/pegasus.QQyYRzxfI/individuals,,817.5,0,0
individuals_ID0000010,normal,compute,0,1661080003.0,,,1661080008.0,1661080028.0,1661081060.0,1661081060.0,1661081065.0,5.0,,20.0,1032.0,5.0,58.0,1014283276.0,5.0,393258.0,poseidon,condorpool,worker2-container-32-35,individuals,/var/lib/condor/execute/dir_38695/pegasus.X8UE9PHYn/individuals,,923.5,0,0
individuals_ID0000097,normal,compute,0,1661080003.0,,,1661080008.0,1661080028.0,1661081090.0,1661081090.0,1661081095.0,5.0,,20.0,1062.0,5.0,56.0,1014254291.0,4.0,469058.0,poseidon,condorpool,worker2-container-24-27,individuals,/var/lib/condor/execute/dir_37370/pegasus.RlqrJKN6X/individuals,,886.2,0,0
individuals_ID0000096,normal,compute,0,1661080003.0,,,1661080008.0,1661080028.0,1661081010.0,1661081010.0,1661081015.0,5.0,,20.0,982.0,5.0,47.0,1014254291.0,4.0,443147.0,poseidon,condorpool,worker1-container-12-15,individuals,/var/lib/condor/execute/dir_58501/pegasus.fFuGbYnD6/individuals,,836.8,0,0
individuals_ID0000095,normal,compute,0,1661080003.0,,,1661080008.0,1661080028.0,1661080975.0,1661080975.0,1661080980.0,5.0,,20.0,947.0,5.0,66.0,1014254291.0,4.0,405289.0,poseidon,condorpool,worker1-container-24-27,individuals,/var/lib/condor/execute/dir_72911/pegasus.74q7O4v3p/individuals,,855.9,0,0
individuals_ID0000090,normal,compute,0,1661080003.0,,,1661080008.0,1661080030.0,1661081030.0,1661081030.0,1661081035.0,5.0,,22.0,1000.0,5.0,50.0,1014254291.0,4.0,405452.0,poseidon,condorpool,worker2-container-12-15,individuals,/var/lib/condor/execute/dir_28055/pegasus.O9xb6A7a8/individuals,,929.7,0,0
individuals_ID0000019,normal,compute,0,1661080003.0,,,1661080008.0,1661080030.0,1661081015.0,1661081015.0,1661081020.0,5.0,,22.0,985.0,5.0,50.0,1014283276.0,5.0,364984.0,poseidon,condorpool,worker2-container-8-11,individuals,/var/lib/condor/execute/dir_28553/pegasus.twHIclKte/individuals,,914.2,0,0
individuals_ID0000098,normal,compute,0,1661080003.0,,,1661080008.0,1661080028.0,1661081005.0,1661081005.0,1661081010.0,5.0,,20.0,977.0,5.0,47.0,1014254291.0,5.0,437252.0,poseidon,condorpool,worker2-container-20-23,individuals,/var/lib/condor/execute/dir_39014/pegasus.vgT5X3Tyx/individuals,,907.3,0,0
individuals_ID0000013,normal,compute,0,1661080003.0,,,1661080008.0,1661080028.0,1661080920.0,1661080920.0,1661080925.0,5.0,,20.0,892.0,5.0,56.0,1014283276.0,4.0,203668.0,poseidon,condorpool,worker1-container-16-19,individuals,/var/lib/condor/execute/dir_46121/pegasus.2WRJVM4Le/individuals,,816.7,0,0
individuals_ID0000082,cpu_3,compute,0,1661080003.0,,,1661080008.0,1661080028.0,1661083336.0,1661083336.0,1661083341.0,5.0,,20.0,3308.0,5.0,69.0,1014254291.0,5.0,548775.0,poseidon,condorpool,worker1-container-4-7,individuals,/var/lib/condor/execute/dir_59616/pegasus.m0a3Ww95b/individuals,,805.9,0,0
individuals_ID0000014,normal,compute,0,1661080003.0,,,1661080008.0,1661080030.0,1661080990.0,1661080990.0,1661080995.0,5.0,,22.0,960.0,5.0,37.0,1014283276.0,5.0,457338.0,poseidon,condorpool,worker2-container-4-7,individuals,/var/lib/condor/execute/dir_28085/pegasus.U6rXuZIFh/individuals,,899.9,0,0
individuals_ID0000083,cpu_3,compute,0,1661080003.0,,,1661080008.0,1661080028.0,1661083291.0,1661083291.0,1661083296.0,5.0,,20.0,3263.0,5.0,48.0,1014254291.0,5.0,483626.0,poseidon,condorpool,worker1-container-20-23,individuals,/var/lib/condor/execute/dir_55225/pegasus.D5iFq5ckC/individuals,,807.6,0,0
individuals_ID0000016,normal,compute,0,1661080003.0,,,1661080008.0,1661080028.0,1661081025.0,1661081025.0,1661081030.0,5.0,,20.0,997.0,5.0,38.0,1014283276.0,5.0,317909.0,poseidon,condorpool,worker2-container-16-19,individuals,/var/lib/condor/execute/dir_39158/pegasus.9lgFsTskB/individuals,,934.8,0,0
individuals_ID0000017,normal,compute,0,1661080003.0,,,1661080008.0,1661080028.0,1661080995.0,1661080995.0,1661081000.0,5.0,,20.0,967.0,5.0,38.0,1014283276.0,5.0,310179.0,poseidon,condorpool,worker2-container-0-3,individuals,/var/lib/condor/execute/dir_38441/pegasus.wzcizXdDG/individuals,,907.2,0,0
individuals_ID0000015,normal,compute,0,1661080003.0,,,1661080008.0,1661080028.0,1661080960.0,1661080960.0,1661080965.0,5.0,,20.0,932.0,5.0,57.0,1014283276.0,4.0,378494.0,poseidon,condorpool,worker1-container-0-3,individuals,/var/lib/condor/execute/dir_50837/pegasus.IyycwajOb/individuals,,854.5,0,0
individuals_ID0000018,cpu_3,compute,0,1661080003.0,,,1661080008.0,1661080028.0,1661083316.0,1661083316.0,1661083321.0,5.0,,20.0,3288.0,5.0,57.0,1014283276.0,5.0,352318.0,poseidon,condorpool,worker1-container-36-39,individuals,/var/lib/condor/execute/dir_50640/pegasus.tMDl1dCUG/individuals,,803.7,0,0
individuals_ID0000011,cpu_3,compute,0,1661080003.0,,,1661080008.0,1661080028.0,1661083351.0,1661083351.0,1661083356.0,5.0,,20.0,3323.0,5.0,65.0,1014283276.0,4.0,329665.0,poseidon,condorpool,worker1-container-28-31,individuals,/var/lib/condor/execute/dir_53585/pegasus.fBrfXQWI8/individuals,,809.0,0,0
individuals_ID0000099,normal,compute,0,1661080003.0,,,1661080008.0,1661080028.0,1661080990.0,1661080990.0,1661080995.0,5.0,,20.0,962.0,5.0,69.0,1014254291.0,5.0,424287.0,poseidon,condorpool,worker1-container-32-35,individuals,/var/lib/condor/execute/dir_44712/pegasus.N6WCjcPKH/individuals,,855.2,0,0
individuals_ID0000012,normal,compute,0,1661080003.0,,,1661080008.0,1661080030.0,1661080980.0,1661080980.0,1661080985.0,5.0,,22.0,950.0,5.0,71.0,1014283276.0,5.0,351516.0,poseidon,condorpool,worker1-container-8-11,individuals,/var/lib/condor/execute/dir_41939/pegasus.MIhzFzR1e/individuals,,856.9,0,0
individuals_merge_ID0000103,cpu_3,compute,0,1661083341.0,,,1661083346.0,1661083349.0,1661083631.0,1661083631.0,1661083636.0,5.0,,3.0,282.0,5.0,13.0,22826276.0,6.0,85677186.0,poseidon,condorpool,worker1-container-4-7,individuals_merge,/var/lib/condor/execute/dir_61834/pegasus.XvvfpS8Yy/individuals_merge,,137.0,0,0
individuals_merge_ID0000051,cpu_3,compute,0,1661083376.0,,,1661083381.0,1661083382.0,1661083641.0,1661083641.0,1661083646.0,5.0,,1.0,259.0,5.0,14.0,17594203.0,6.0,69091751.0,poseidon,condorpool,worker1-container-4-7,individuals_merge,/var/lib/condor/execute/dir_62389/pegasus.5JX7HWwSh/individuals_merge,,113.7,0,0
frequency_ID0000120,normal,compute,0,1661083636.0,,,1661083641.0,1661083642.0,1661083816.0,1661083816.0,1661083821.0,5.0,,1.0,174.0,5.0,4.0,86764062.0,5.0,11719433.0,poseidon,condorpool,worker2-container-32-35,frequency,/var/lib/condor/execute/dir_40052/pegasus.tfv5LO3XM/frequency,,147.6,0,0
mutation_overlap_ID0000121,cpu_3,compute,0,1661083636.0,,,1661083641.0,1661083642.0,1661083691.0,1661083691.0,1661083696.0,5.0,,1.0,49.0,5.0,4.0,86777656.0,4.0,745243.0,poseidon,condorpool,worker1-container-4-7,mutation_overlap,/var/lib/condor/execute/dir_62988/pegasus.awZJ2ZNYC/mutation_overlap,,7.8,0,0
frequency_ID0000126,normal,compute,0,1661083636.0,,,1661083641.0,1661083642.0,1661083816.0,1661083816.0,1661083821.0,5.0,,1.0,174.0,5.0,4.0,86768518.0,5.0,11926096.0,poseidon,condorpool,worker2-container-36-39,frequency,/var/lib/condor/execute/dir_41287/pegasus.blmQvl4z0/frequency,,148.9,0,0
frequency_ID0000130,normal,compute,0,1661083636.0,,,1661083641.0,1661083642.0,1661083826.0,1661083826.0,1661083831.0,5.0,,1.0,184.0,5.0,4.0,86791206.0,5.0,10678006.0,poseidon,condorpool,worker2-container-24-27,frequency,/var/lib/condor/execute/dir_38784/pegasus.vOsKiGTxo/frequency,,157.3,0,0
mutation_overlap_ID0000131,normal,compute,0,1661083636.0,,,1661083641.0,1661083642.0,1661083671.0,1661083671.0,1661083676.0,5.0,,1.0,29.0,5.0,3.0,86774816.0,5.0,656180.0,poseidon,condorpool,worker1-container-24-27,mutation_overlap,/var/lib/condor/execute/dir_75556/pegasus.26fgkLd0y/mutation_overlap,,6.3,0,0
frequency_ID0000132,normal,compute,0,1661083636.0,,,1661083641.0,1661083642.0,1661083821.0,1661083821.0,1661083826.0,5.0,,1.0,179.0,5.0,3.0,86768454.0,5.0,13218631.0,poseidon,condorpool,worker2-container-20-23,frequency,/var/lib/condor/execute/dir_40610/pegasus.6qOIiVhe8/frequency,,153.3,0,0
frequency_ID0000128,normal,compute,0,1661083636.0,,,1661083641.0,1661083642.0,1661083821.0,1661083821.0,1661083826.0,5.0,,1.0,179.0,5.0,4.0,86768102.0,5.0,11902932.0,poseidon,condorpool,worker2-container-0-3,frequency,/var/lib/condor/execute/dir_40112/pegasus.teWYluNZn/frequency,,154.3,0,0
mutation_overlap_ID0000127,cpu_3,compute,0,1661083636.0,,,1661083641.0,1661083642.0,1661083676.0,1661083676.0,1661083681.0,5.0,,1.0,34.0,5.0,4.0,86774464.0,5.0,693845.0,poseidon,condorpool,worker2-container-28-31,mutation_overlap,/var/lib/condor/execute/dir_57272/pegasus.kRyrR0ULw/mutation_overlap,,6.4,0,0
mutation_overlap_ID0000129,normal,compute,0,1661083636.0,,,1661083641.0,1661083642.0,1661083696.0,1661083696.0,1661083701.0,5.0,,1.0,54.0,5.0,4.0,86797568.0,4.0,1710519.0,poseidon,condorpool,worker1-container-0-3,mutation_overlap,/var/lib/condor/execute/dir_53466/pegasus.LJPF9xcX9/mutation_overlap,,29.0,0,0
mutation_overlap_ID0000123,normal,compute,0,1661083636.0,,,1661083641.0,1661083642.0,1661083671.0,1661083671.0,1661083676.0,5.0,,1.0,29.0,5.0,4.0,86773816.0,4.0,616336.0,poseidon,condorpool,worker2-container-16-19,mutation_overlap,/var/lib/condor/execute/dir_40512/pegasus.nYIGZxWHs/mutation_overlap,,5.5,0,0
frequency_ID0000124,cpu_3,compute,0,1661083636.0,,,1661083641.0,1661083642.0,1661083836.0,1661083836.0,1661083841.0,5.0,,1.0,194.0,5.0,3.0,86767454.0,5.0,10779150.0,poseidon,condorpool,worker1-container-4-7,frequency,/var/lib/condor/execute/dir_62985/pegasus.O9qTnS5lt/frequency,,150.0,0,0
mutation_overlap_ID0000125,cpu_3,compute,0,1661083636.0,,,1661083641.0,1661083642.0,1661083671.0,1661083671.0,1661083676.0,5.0,,1.0,29.0,5.0,3.0,86774880.0,5.0,672856.0,poseidon,condorpool,worker1-container-20-23,mutation_overlap,/var/lib/condor/execute/dir_57496/pegasus.da1QnTIE1/mutation_overlap,,6.3,0,0
frequency_ID0000122,normal,compute,0,1661083636.0,,,1661083641.0,1661083642.0,1661083831.0,1661083831.0,1661083836.0,5.0,,1.0,189.0,5.0,4.0,86771294.0,5.0,11274111.0,poseidon,condorpool,worker1-container-12-15,frequency,/var/lib/condor/execute/dir_60166/pegasus.NnxGyskjh/frequency,,162.5,0,0
mutation_overlap_ID0000119,cpu_3,compute,0,1661083636.0,,,1661083641.0,1661083642.0,1661083686.0,1661083686.0,1661083691.0,5.0,,1.0,44.0,5.0,4.0,86770424.0,5.0,533341.0,poseidon,condorpool,worker1-container-4-7,mutation_overlap,/var/lib/condor/execute/dir_62986/pegasus.JwhEb3c6H/mutation_overlap,,4.3,0,0
frequency_ID0000114,normal,compute,0,1661083646.0,,,1661083651.0,1661083662.0,1661083911.0,1661083911.0,1661083916.0,5.0,,11.0,249.0,5.0,4.0,70764318.0,5.0,15619988.0,poseidon,condorpool,worker2-container-36-39,frequency,/var/lib/condor/execute/dir_41514/pegasus.Lh3OH9ViA/frequency,,221.1,0,0
frequency_ID0000108,cpu_3,compute,0,1661083646.0,,,1661083651.0,1661083662.0,1661083941.0,1661083941.0,1661083946.0,5.0,,11.0,279.0,5.0,4.0,70767510.0,5.0,18021902.0,poseidon,condorpool,worker1-container-36-39,frequency,/var/lib/condor/execute/dir_52907/pegasus.sbZ67mlPX/frequency,,251.9,0,0
mutation_overlap_ID0000109,cpu_3,compute,0,1661083646.0,,,1661083651.0,1661083663.0,1661083706.0,1661083706.0,1661083711.0,5.0,,12.0,43.0,5.0,4.0,70770032.0,5.0,821817.0,poseidon,condorpool,worker1-container-4-7,mutation_overlap,/var/lib/condor/execute/dir_63664/pegasus.OF8mBoRgT/mutation_overlap,,5.5,0,0
frequency_ID0000112,normal,compute,0,1661083646.0,,,1661083651.0,1661083662.0,1661083881.0,1661083881.0,1661083886.0,5.0,,11.0,219.0,5.0,4.0,70764734.0,5.0,14298247.0,poseidon,condorpool,worker1-container-24-27,frequency,/var/lib/condor/execute/dir_75809/pegasus.t5ko4ynoD/frequency,,195.2,0,0
frequency_ID0000110,normal,compute,0,1661083646.0,,,1661083651.0,1661083662.0,1661083891.0,1661083891.0,1661083896.0,5.0,,11.0,229.0,5.0,4.0,70763670.0,5.0,15061524.0,poseidon,condorpool,worker2-container-24-27,frequency,/var/lib/condor/execute/dir_39009/pegasus.lCYt0mqLU/frequency,,204.1,0,0
mutation_overlap_ID0000113,cpu_3,compute,0,1661083646.0,,,1661083651.0,1661083662.0,1661083696.0,1661083696.0,1661083701.0,5.0,,11.0,34.0,5.0,4.0,70770680.0,5.0,875282.0,poseidon,condorpool,worker1-container-28-31,mutation_overlap,/var/lib/condor/execute/dir_55865/pegasus.V3D8b1nlT/mutation_overlap,,6.8,0,0
mutation_overlap_ID0000115,normal,compute,0,1661083646.0,,,1661083651.0,1661083662.0,1661083721.0,1661083721.0,1661083726.0,5.0,,11.0,59.0,5.0,4.0,70793784.0,5.0,2958618.0,poseidon,condorpool,worker2-container-20-23,mutation_overlap,/var/lib/condor/execute/dir_40836/pegasus.DopBBKpkP/mutation_overlap,,35.7,0,0
mutation_overlap_ID0000105,normal,compute,0,1661083646.0,,,1661083651.0,1661083662.0,1661083691.0,1661083691.0,1661083696.0,5.0,,11.0,29.0,5.0,3.0,70766640.0,5.0,726990.0,poseidon,condorpool,worker2-container-32-35,mutation_overlap,/var/lib/condor/execute/dir_40278/pegasus.RSEZzGVHs/mutation_overlap,,4.1,0,0
mutation_overlap_ID0000117,cpu_3,compute,0,1661083646.0,,,1661083651.0,1661083662.0,1661083696.0,1661083696.0,1661083701.0,5.0,,11.0,34.0,5.0,4.0,70771032.0,5.0,880539.0,poseidon,condorpool,worker2-container-28-31,mutation_overlap,/var/lib/condor/execute/dir_57498/pegasus.sWKDDd32L/mutation_overlap,,6.6,0,0
frequency_ID0000116,normal,compute,0,1661083646.0,,,1661083651.0,1661083662.0,1661083901.0,1661083901.0,1661083906.0,5.0,,11.0,239.0,5.0,4.0,70787422.0,5.0,16062678.0,poseidon,condorpool,worker1-container-0-3,frequency,/var/lib/condor/execute/dir_53692/pegasus.9nlUne7Uy/frequency,,214.6,0,0
mutation_overlap_ID0000111,normal,compute,0,1661083646.0,,,1661083651.0,1661083662.0,1661083691.0,1661083691.0,1661083696.0,5.0,,11.0,29.0,5.0,4.0,70771096.0,5.0,849054.0,poseidon,condorpool,worker2-container-16-19,mutation_overlap,/var/lib/condor/execute/dir_40765/pegasus.7cmysBR09/mutation_overlap,,6.4,0,0
frequency_ID0000106,normal,compute,0,1661083646.0,,,1661083651.0,1661083662.0,1661083871.0,1661083871.0,1661083876.0,5.0,,11.0,209.0,5.0,3.0,70760278.0,4.0,13938583.0,poseidon,condorpool,worker2-container-0-3,frequency,/var/lib/condor/execute/dir_40338/pegasus.JRGNe7BZo/frequency,,184.3,0,0
frequency_ID0000118,cpu_3,compute,0,1661083646.0,,,1661083651.0,1661083662.0,1661083906.0,1661083906.0,1661083911.0,5.0,,11.0,244.0,5.0,4.0,70764670.0,4.0,15230327.0,poseidon,condorpool,worker1-container-20-23,frequency,/var/lib/condor/execute/dir_57749/pegasus.psZJp84IF/frequency,,218.9,0,0
mutation_overlap_ID0000107,normal,compute,0,1661083646.0,,,1661083651.0,1661083662.0,1661083696.0,1661083696.0,1661083701.0,5.0,,11.0,34.0,5.0,3.0,70773872.0,4.0,999839.0,poseidon,condorpool,worker1-container-12-15,mutation_overlap,/var/lib/condor/execute/dir_60392/pegasus.6H6wu5TO8/mutation_overlap,,9.1,0,0
stage_out_local_condorpool_2_1,normal,transfer,0,1661083886.0,,,1661083891.0,1661083891.0,1661083896.0,1661083896.0,1661083901.0,5.0,,0.0,5.0,5.0,,,,,poseidon,local,host-10-100-100-233.openstacklocal,pegasus::transfer,/home/poseidon/pegasus-5.1.0panorama/bin/pegasus-transfer,/home/poseidon/pegasus-5.1.0panorama/bin/../bin/pegasus-kickstart  -n pegasus::transfer -N null -i - -R local  -L 1000-genome -T 2022-08-03T06:30:23+00:00 /home/poseidon/pegasus-5.1.0panorama/bin/../bin/pegasus-transfer  --threads 2,1.7,0,0
stage_out_local_condorpool_2_2,normal,transfer,0,1661083916.0,,,1661083921.0,1661083921.0,1661083926.0,1661083926.0,1661083931.0,5.0,,0.0,5.0,5.0,,,,,poseidon,local,host-10-100-100-233.openstacklocal,pegasus::transfer,/home/poseidon/pegasus-5.1.0panorama/bin/pegasus-transfer,/home/poseidon/pegasus-5.1.0panorama/bin/../bin/pegasus-kickstart  -n pegasus::transfer -N null -i - -R local  -L 1000-genome -T 2022-08-03T06:30:23+00:00 /home/poseidon/pegasus-5.1.0panorama/bin/../bin/pegasus-transfer  --threads 2,1.9,0,0
stage_out_local_condorpool_2_0,normal,transfer,0,1661083946.0,,,1661083951.0,1661083951.0,1661083956.0,1661083956.0,1661083961.0,5.0,,0.0,5.0,5.0,,,,,poseidon,local,host-10-100-100-233.openstacklocal,pegasus::transfer,/home/poseidon/pegasus-5.1.0panorama/bin/pegasus-transfer,/home/poseidon/pegasus-5.1.0panorama/bin/../bin/pegasus-kickstart  -n pegasus::transfer -N null -i - -R local  -L 1000-genome -T 2022-08-03T06:30:23+00:00 /home/poseidon/pegasus-5.1.0panorama/bin/../bin/pegasus-transfer  --threads 2,2.1,0,0
cleanup_1000-genome_0_condorpool,normal,auxiliary,0,1661083961.0,,,1661083966.0,1661083966.0,1661083971.0,1661083971.0,1661083976.0,5.0,,0.0,5.0,5.0,,,,,poseidon,local,host-10-100-100-233.openstacklocal,pegasus::cleanup,/home/poseidon/pegasus-5.1.0panorama/bin/pegasus-transfer,-n pegasus::cleanup -N null -i - -R local  -L 1000-genome -T 2022-08-03T06:30:23+00:00 /home/poseidon/pegasus-5.1.0panorama/bin/../bin/pegasus-transfer,0.2,0,0
